fecha,Enfermedades del sistema circulatorio ,COVID-19,Causas externas de morbilidad y de mortalidad,Tumores [Neoplasias],Enfermedades del sistema nervioso central,Trastornos mentales y del comportamiento,"Enfermedades endocrinas, nutricionales y metabÃ³licas","SÃ­ntomas, signos y hallazgos anormales clÃ­nicos y de laboratorio, no clasificados en otra parte",Enfermedades del sistema digestivo,Enfermedades del sistema respiratorio ,Ciertas enfermedades infecciosas y parasitarias,Enfermedades del sistema genitourinario,"Enfermedades de la sangre y de los Ã³rganos hematopoyÃ©ticos, y ciertos trastornos que afectan el mecanismo de la inmunidad ",Enfermedades del sistema osteomuscular y del tejido conjuntivo,Enfermedades de la piel y del tejido subcutÃ¡neo,"Malformaciones congÃ©nitas, deformidades y anomalÃ­as cromosÃ³micas",Enfermedades del ojo y sus anexos ,Ciertas afecciones originadas en el perÃ­odo perinatal,"Embarazo, parto y puerperio",nan,Enfermedades del oÃ­do y de la apÃ³fisis mastoides,CÃ³digos para propÃ³sitos especiales
2016-01-01,27,0,6,36,5,3,8,2,6,11,2,5,0,1,1,1,0,1,0,0,0,0
2016-01-02,33,0,7,20,5,5,7,3,4,7,4,4,0,1,0,0,0,1,0,0,0,0
2016-01-03,34,0,11,32,2,1,5,1,7,15,3,0,0,0,2,1,0,0,0,0,0,0
2016-01-04,28,0,7,27,6,1,3,3,8,12,2,6,1,0,1,0,0,0,0,0,0,0
2016-01-05,22,0,7,32,6,3,4,3,6,10,4,2,0,2,0,1,0,1,0,0,0,0
2016-01-06,31,0,5,27,3,2,12,3,8,13,5,1,0,2,0,1,0,1,0,0,0,0
2016-01-07,31,0,10,34,8,1,5,5,11,8,0,3,0,0,2,2,0,1,0,0,0,0
2016-01-08,28,0,6,35,2,4,2,3,1,5,3,3,0,0,0,1,0,2,0,0,0,0
2016-01-09,38,0,7,27,5,1,3,1,4,5,3,4,1,2,1,1,0,2,0,0,0,0
2016-01-10,27,0,7,26,1,1,8,5,5,13,0,2,1,1,0,1,0,2,0,0,0,0
2016-01-11,29,0,6,29,3,1,6,1,8,12,3,0,1,0,0,0,0,0,0,0,0,0
2016-01-12,25,0,7,32,5,2,4,0,14,6,3,1,0,3,0,1,0,2,0,0,0,0
2016-01-13,32,0,5,17,5,0,6,1,9,6,2,3,1,0,0,2,0,2,1,0,0,0
2016-01-14,35,0,6,31,2,2,6,5,11,5,0,1,0,3,0,1,0,0,0,0,0,0
2016-01-15,27,0,10,23,3,1,4,4,10,9,4,5,0,1,1,1,0,2,0,0,0,0
2016-01-16,22,0,5,30,6,3,7,1,5,8,4,2,2,2,1,2,0,2,0,0,0,0
2016-01-17,33,0,11,41,3,2,8,4,7,11,2,1,0,1,0,0,0,0,0,0,0,0
2016-01-18,26,0,11,23,6,1,4,9,9,10,4,1,1,0,1,0,0,0,0,0,0,0
2016-01-19,39,0,6,26,4,1,8,5,5,8,3,4,0,1,1,1,0,0,0,0,0,0
2016-01-20,33,0,5,31,3,3,7,6,8,4,2,4,0,0,0,0,0,1,0,0,0,0
2016-01-21,18,0,7,24,3,1,7,1,6,7,7,1,1,2,0,4,0,0,0,0,0,0
2016-01-22,20,0,7,27,5,1,2,1,6,6,1,4,1,1,1,0,0,0,1,0,0,0
2016-01-23,28,0,9,23,4,1,6,1,8,6,4,1,1,1,2,1,0,1,0,0,0,0
2016-01-24,27,0,12,30,5,4,4,2,6,11,2,3,0,1,1,0,0,1,0,0,0,0
2016-01-25,34,0,6,33,6,3,7,1,5,10,2,4,1,0,0,0,0,0,0,0,0,0
2016-01-26,18,0,12,14,6,3,8,1,10,4,3,3,0,0,1,1,0,1,0,0,0,0
2016-01-27,27,0,8,30,3,3,3,0,8,11,0,7,0,1,1,2,0,1,1,0,0,0
2016-01-28,18,0,8,37,2,3,4,1,10,8,2,4,1,0,0,1,0,0,0,0,0,0
2016-01-29,15,0,3,34,8,0,4,3,8,9,2,2,0,0,0,0,0,0,0,0,0,0
2016-01-30,29,0,3,34,3,0,11,1,10,4,1,3,0,0,1,1,0,1,0,0,0,0
2016-01-31,29,0,10,29,1,2,3,3,6,7,2,2,0,1,0,0,0,0,0,0,0,0
2016-02-01,34,0,7,43,4,4,9,3,10,10,1,4,0,0,0,1,0,1,0,0,0,0
2016-02-02,26,0,2,24,1,1,4,2,8,9,1,3,0,1,0,0,0,0,0,0,0,0
2016-02-03,21,0,5,24,4,1,5,2,8,6,6,5,1,0,0,1,0,1,0,0,0,0
2016-02-04,25,0,7,23,5,3,6,0,4,5,5,1,0,0,0,0,0,1,0,0,0,0
2016-02-05,14,0,8,30,1,0,6,1,7,5,1,2,0,0,0,0,0,1,0,0,0,0
2016-02-06,37,0,7,25,2,1,1,2,10,9,4,6,1,0,1,0,0,0,0,0,0,0
2016-02-07,26,0,16,30,4,1,7,0,6,5,3,4,1,0,0,1,0,1,0,0,0,0
2016-02-08,24,0,6,25,2,3,4,1,12,7,4,3,1,0,0,2,0,0,0,0,0,0
2016-02-09,23,0,10,25,5,1,3,2,4,5,4,3,0,1,0,0,0,1,0,0,0,0
2016-02-10,30,0,8,23,4,2,6,3,7,5,2,3,0,0,0,2,0,1,0,0,0,0
2016-02-11,21,0,10,26,3,0,8,2,10,6,1,2,0,1,1,1,0,1,0,0,0,0
2016-02-12,24,0,10,37,3,1,4,0,5,8,2,3,0,0,0,1,0,0,0,0,0,0
2016-02-13,26,0,4,29,6,2,4,1,5,6,2,3,0,2,0,2,0,0,1,0,0,0
2016-02-14,34,0,10,17,2,0,6,5,4,11,4,3,0,1,0,0,0,1,0,0,0,0
2016-02-15,29,0,6,28,7,2,8,3,5,9,4,1,0,0,0,0,0,0,0,0,0,0
2016-02-16,24,0,6,20,3,2,6,1,11,6,1,2,0,2,0,0,0,3,0,0,0,0
2016-02-17,23,0,7,29,2,3,2,1,4,3,6,2,0,0,0,3,0,0,0,0,0,0
2016-02-18,28,0,8,21,3,0,7,2,6,6,3,3,1,0,1,0,0,1,0,0,0,0
2016-02-19,20,0,10,29,1,0,5,4,7,13,2,3,1,1,0,2,0,0,0,0,0,0
2016-02-20,25,0,4,33,4,0,7,3,10,7,3,1,1,0,0,0,0,0,0,0,0,0
2016-02-21,29,0,10,30,2,1,9,2,12,11,2,5,0,1,0,1,0,0,0,0,0,0
2016-02-22,40,0,7,29,5,2,5,2,6,11,2,0,0,2,1,0,0,3,1,0,0,0
2016-02-23,22,0,8,29,1,0,8,4,6,7,0,3,0,2,0,1,0,2,0,0,0,0
2016-02-24,32,0,7,24,4,5,4,3,13,8,2,8,0,0,1,1,0,0,0,0,0,0
2016-02-25,25,0,8,34,3,2,8,2,7,5,1,5,0,0,0,1,0,0,0,0,0,0
2016-02-26,31,0,10,23,3,2,6,2,12,5,0,1,1,1,0,1,0,1,0,0,0,0
2016-02-27,24,0,6,24,1,2,3,7,9,8,3,3,1,1,0,2,0,0,0,0,0,0
2016-02-28,24,0,3,25,2,3,5,1,5,8,3,3,1,2,0,1,0,1,0,0,0,0
2016-02-29,29,0,8,27,5,0,3,0,5,9,0,4,0,1,1,2,0,1,0,0,0,0
2016-03-01,25,0,15,27,6,2,4,4,10,7,3,3,0,1,0,1,0,0,1,0,0,0
2016-03-02,24,0,12,28,8,3,0,0,10,11,0,4,1,0,1,0,0,2,0,0,0,0
2016-03-03,24,0,7,35,3,2,1,3,9,1,2,4,0,0,1,0,0,0,1,0,0,0
2016-03-04,25,0,6,21,4,2,6,1,7,7,2,4,0,3,0,3,0,4,0,0,0,0
2016-03-05,25,0,8,26,4,2,6,0,12,5,2,0,0,1,1,1,0,0,0,0,0,0
2016-03-06,18,0,7,22,1,1,8,2,8,3,2,6,0,0,0,0,0,0,0,0,0,0
2016-03-07,28,0,11,25,7,2,6,1,3,8,3,4,0,0,0,2,0,1,0,0,0,0
2016-03-08,20,0,8,20,4,3,8,3,7,3,1,2,1,0,0,1,0,0,0,0,0,0
2016-03-09,30,0,7,27,6,3,10,0,4,12,1,5,1,0,0,1,0,0,0,0,0,0
2016-03-10,28,0,11,28,8,4,8,3,8,9,1,6,0,2,0,1,0,0,0,0,0,0
2016-03-11,25,0,3,37,3,1,5,1,12,6,0,3,0,0,0,2,0,0,0,0,0,0
2016-03-12,15,0,9,25,2,2,2,2,4,7,0,2,1,1,0,1,0,0,0,0,0,0
2016-03-13,27,0,14,15,5,0,7,2,5,8,0,3,0,1,0,0,0,1,0,0,0,0
2016-03-14,20,0,6,23,6,4,2,2,5,10,3,2,1,1,0,0,0,0,0,0,0,0
2016-03-15,25,0,3,29,4,1,5,3,8,11,2,3,0,0,2,0,0,3,0,0,0,0
2016-03-16,28,0,4,37,4,0,5,1,11,8,2,3,0,1,0,0,0,3,0,0,0,0
2016-03-17,19,0,7,28,6,2,8,5,9,8,3,0,0,0,0,2,0,2,0,0,0,0
2016-03-18,26,0,5,21,4,2,6,1,8,6,0,1,0,1,0,1,0,0,0,0,0,0
2016-03-19,23,0,3,22,4,1,2,1,10,5,3,2,0,0,0,0,0,0,0,0,0,0
2016-03-20,32,0,6,30,3,3,8,1,4,3,4,5,1,1,0,1,0,0,0,0,0,0
2016-03-21,19,0,6,22,3,3,7,2,7,7,1,1,0,0,0,2,0,0,0,0,0,0
2016-03-22,34,0,11,25,2,4,6,0,5,8,1,2,1,1,1,3,0,0,0,0,0,0
2016-03-23,24,0,6,29,3,3,4,2,5,6,3,4,0,1,1,3,0,2,0,0,0,0
2016-03-24,27,0,2,31,4,2,2,2,12,2,3,2,0,0,1,1,0,0,0,0,0,0
2016-03-25,29,0,10,23,6,0,3,3,7,10,2,2,1,0,0,1,0,0,0,0,0,0
2016-03-26,21,0,7,31,4,3,4,3,6,9,1,0,2,0,0,0,0,0,1,0,0,0
2016-03-27,27,0,5,29,5,1,6,2,4,8,2,3,1,0,0,0,0,2,0,0,0,0
2016-03-28,29,0,6,30,4,0,5,4,6,8,4,3,0,1,0,1,0,2,0,0,0,0
2016-03-29,27,0,6,32,0,0,6,2,7,14,4,3,0,0,0,2,0,0,0,0,0,0
2016-03-30,18,0,2,24,4,2,6,1,10,10,1,3,1,2,0,4,0,0,0,0,0,0
2016-03-31,31,0,6,16,3,1,6,0,3,8,3,4,0,1,0,3,0,0,0,0,0,0
2016-04-01,15,0,6,26,1,3,5,5,7,6,2,3,0,0,1,0,0,2,0,0,0,0
2016-04-02,30,0,7,28,2,2,6,2,4,12,1,1,0,1,1,0,0,2,0,0,0,0
2016-04-03,29,0,7,21,4,0,5,1,8,13,2,4,0,0,1,2,0,0,0,0,0,0
2016-04-04,22,0,2,21,4,3,7,3,10,14,3,3,1,1,0,2,0,1,1,0,0,0
2016-04-05,19,0,7,27,2,1,4,0,9,6,3,1,1,0,0,0,0,1,0,0,0,0
2016-04-06,28,0,5,21,0,1,4,5,7,12,3,2,1,0,0,1,0,3,0,0,0,0
2016-04-07,29,0,5,29,2,2,4,6,8,8,1,2,1,0,0,1,0,0,0,0,0,0
2016-04-08,30,0,6,36,2,2,9,0,5,9,2,2,0,1,0,2,0,0,0,0,0,0
2016-04-09,24,0,6,16,5,1,5,3,12,9,5,2,0,1,1,1,0,0,0,0,0,0
2016-04-10,23,0,6,25,4,1,8,2,8,8,3,7,0,1,1,0,0,0,0,0,0,0
2016-04-11,42,0,5,26,3,0,3,6,10,7,1,3,1,1,0,1,0,1,0,0,0,0
2016-04-12,30,0,5,34,2,1,6,0,13,7,2,8,0,1,0,0,0,1,0,0,0,0
2016-04-13,25,0,4,37,1,1,5,6,6,6,0,5,0,1,0,2,0,1,0,0,0,0
2016-04-14,27,0,5,25,1,1,6,4,9,7,3,2,0,0,0,3,0,1,0,0,0,0
2016-04-15,24,0,4,29,4,1,3,1,13,13,4,3,1,2,0,3,0,0,0,0,0,0
2016-04-16,45,0,6,31,2,2,5,4,7,17,1,5,1,1,0,2,0,1,0,0,0,0
2016-04-17,32,0,6,38,3,1,6,4,10,4,2,3,0,1,1,1,0,1,0,0,0,0
2016-04-18,37,0,12,23,3,3,9,4,4,8,3,4,1,0,0,1,0,1,0,0,0,0
2016-04-19,27,0,4,34,4,2,8,2,6,12,1,2,0,2,0,1,0,0,0,0,0,0
2016-04-20,31,0,6,25,4,4,3,4,7,7,0,0,0,0,1,1,0,0,0,0,0,0
2016-04-21,37,0,2,25,7,3,2,5,5,10,2,4,0,0,0,2,0,2,0,0,0,0
2016-04-22,33,0,4,27,4,0,5,4,10,13,1,7,2,2,1,2,0,1,0,0,0,0
2016-04-23,25,0,7,25,2,3,7,1,5,13,1,5,0,0,0,4,0,1,0,0,0,0
2016-04-24,32,0,8,21,4,0,6,2,8,7,4,2,3,0,2,0,0,1,0,0,0,0
2016-04-25,40,0,8,29,2,3,7,1,8,20,2,3,0,0,1,2,0,0,0,0,0,0
2016-04-26,42,0,8,31,1,4,5,1,9,15,1,1,2,0,2,2,0,3,0,0,0,0
2016-04-27,28,0,7,25,2,4,5,1,9,12,3,1,0,0,3,1,0,1,0,0,0,0
2016-04-28,21,0,5,38,4,0,6,2,9,12,2,2,1,0,0,1,0,1,1,0,0,0
2016-04-29,40,0,7,38,2,4,8,2,10,9,3,4,1,1,0,1,0,1,0,0,0,0
2016-04-30,38,0,8,26,3,1,8,3,14,15,3,4,0,0,0,1,0,1,0,0,0,0
2016-05-01,36,0,4,38,9,2,2,3,8,11,4,2,0,1,2,0,1,1,0,0,0,0
2016-05-02,25,0,8,32,3,7,6,2,5,15,2,3,1,2,1,1,0,2,0,0,0,0
2016-05-03,34,0,10,27,5,3,2,7,11,9,2,4,1,0,0,1,0,2,0,0,0,0
2016-05-04,34,0,4,32,3,4,3,0,9,6,1,3,1,0,1,0,0,1,0,0,0,0
2016-05-05,26,0,4,24,3,3,7,5,7,10,3,2,0,1,1,4,0,2,0,0,0,0
2016-05-06,28,0,3,28,4,5,9,2,7,10,0,3,1,0,0,1,0,0,0,0,0,0
2016-05-07,38,0,8,29,5,1,6,0,8,1,4,1,0,0,1,0,0,0,0,0,0,0
2016-05-08,34,0,7,33,2,2,8,3,8,9,2,4,0,3,0,0,0,1,0,0,0,0
2016-05-09,36,0,4,19,4,0,10,0,8,18,2,3,0,0,1,3,0,0,0,0,0,0
2016-05-10,30,0,9,24,1,0,10,4,9,10,6,1,1,1,0,1,0,0,0,0,0,0
2016-05-11,23,0,7,27,4,3,4,2,6,11,4,3,0,0,1,1,0,1,0,0,0,0
2016-05-12,17,0,8,26,4,2,5,1,12,9,1,0,1,0,0,2,0,0,0,0,0,0
2016-05-13,28,0,3,23,1,2,8,2,10,7,3,2,0,2,0,0,0,2,0,0,0,0
2016-05-14,36,0,6,36,2,3,11,4,6,17,4,2,0,1,1,0,0,0,0,0,0,0
2016-05-15,33,0,3,27,6,2,6,5,11,9,0,3,2,1,0,0,0,2,0,0,0,0
2016-05-16,35,0,3,30,3,1,3,1,13,8,3,3,0,0,0,3,0,0,0,0,0,0
2016-05-17,22,0,10,27,5,1,8,3,9,7,4,1,2,1,1,1,0,1,0,0,0,0
2016-05-18,31,0,2,25,3,4,7,7,10,13,2,3,0,1,1,0,0,3,0,0,0,0
2016-05-19,28,0,7,33,6,4,9,4,8,9,3,3,0,1,0,0,0,0,0,0,0,0
2016-05-20,26,0,7,33,2,1,8,2,5,12,3,0,1,0,0,2,0,2,0,0,0,0
2016-05-21,33,0,5,25,0,2,9,2,10,10,2,5,1,2,0,2,0,0,0,0,0,0
2016-05-22,26,0,6,25,4,4,8,3,3,5,0,0,0,0,1,0,0,1,0,0,0,0
2016-05-23,30,0,3,29,3,1,6,4,13,10,2,4,3,0,0,2,0,0,0,0,0,0
2016-05-24,29,0,7,34,6,2,2,0,11,3,3,3,0,0,0,2,0,0,0,0,0,0
2016-05-25,38,0,7,32,5,2,7,1,11,8,3,1,2,0,2,1,0,0,0,0,0,0
2016-05-26,30,0,8,27,2,1,7,7,5,14,1,1,1,3,1,0,0,0,0,0,0,0
2016-05-27,32,0,9,32,3,2,4,5,7,12,2,1,2,0,0,2,0,1,0,0,0,0
2016-05-28,44,0,4,31,4,2,12,4,9,10,3,3,0,1,1,0,0,0,0,0,0,0
2016-05-29,35,0,8,27,4,4,4,3,9,14,2,2,0,0,1,2,0,1,0,0,0,0
2016-05-30,32,0,9,31,4,2,6,5,17,9,4,5,0,0,0,0,0,1,0,0,0,0
2016-05-31,32,0,3,38,2,4,5,3,7,12,4,8,0,0,0,1,0,0,0,0,0,0
2016-06-01,28,0,4,28,2,4,4,3,13,16,5,1,2,0,0,2,0,1,0,0,0,0
2016-06-02,28,0,5,32,5,3,3,2,6,10,1,2,1,0,0,2,0,0,0,0,0,0
2016-06-03,30,0,4,21,9,1,6,3,12,14,1,3,2,0,0,2,0,0,0,0,0,0
2016-06-04,26,0,7,22,2,4,10,3,8,8,1,2,1,0,0,1,0,2,0,0,0,0
2016-06-05,35,0,10,25,4,0,6,3,3,11,1,5,1,0,0,1,0,0,0,0,0,0
2016-06-06,35,0,7,20,1,0,6,4,4,13,2,2,0,0,0,1,0,0,0,0,0,0
2016-06-07,41,0,4,21,6,5,5,5,10,10,1,3,0,1,0,0,0,0,0,0,0,0
2016-06-08,49,0,8,19,4,5,9,4,5,8,2,5,0,1,0,0,0,0,0,0,0,0
2016-06-09,22,0,10,33,5,2,9,2,11,10,7,9,1,1,1,1,0,3,0,0,0,0
2016-06-10,29,0,9,25,3,3,14,2,7,16,4,2,0,1,0,1,0,0,0,0,0,0
2016-06-11,21,0,13,28,5,2,11,1,8,12,3,2,0,2,0,0,0,1,0,0,0,0
2016-06-12,38,0,5,43,3,3,6,1,7,12,3,6,0,2,1,3,0,1,0,0,0,0
2016-06-13,38,0,10,30,4,3,11,5,6,14,3,8,2,0,0,1,0,0,0,0,0,0
2016-06-14,26,0,4,27,8,1,9,1,8,9,1,6,0,0,0,0,0,2,0,0,0,0
2016-06-15,28,0,6,18,9,2,1,1,9,15,1,3,1,0,1,2,0,1,0,0,0,0
2016-06-16,33,0,4,40,4,2,7,1,5,15,0,8,0,0,0,2,0,1,0,0,0,0
2016-06-17,35,0,4,28,3,3,14,5,6,7,7,3,0,0,0,1,0,1,0,0,0,0
2016-06-18,35,0,6,22,2,2,5,0,6,13,3,3,0,0,1,3,0,2,0,0,0,0
2016-06-19,41,0,10,23,5,3,15,2,7,9,3,2,1,3,0,0,0,0,0,0,0,0
2016-06-20,38,0,3,24,2,4,9,3,7,15,5,2,1,1,3,0,0,0,0,0,0,0
2016-06-21,33,0,5,29,2,3,10,5,10,16,4,4,0,2,1,2,0,0,0,0,0,0
2016-06-22,41,0,5,29,5,4,8,1,4,22,4,4,3,2,2,2,0,1,0,0,0,0
2016-06-23,39,0,11,32,3,0,5,11,7,15,2,8,0,1,2,4,0,0,0,0,0,0
2016-06-24,38,0,6,31,3,1,6,5,7,17,3,1,0,0,0,0,0,1,0,0,0,0
2016-06-25,40,0,9,23,2,0,5,2,6,18,2,2,1,1,0,1,0,0,0,0,1,0
2016-06-26,45,0,4,30,3,3,6,2,11,15,2,3,0,1,0,0,0,0,0,0,0,0
2016-06-27,37,0,8,24,9,3,7,3,12,24,4,2,1,0,0,0,0,1,0,0,0,0
2016-06-28,30,0,11,35,4,3,8,5,5,20,2,3,0,0,1,0,0,0,0,0,0,0
2016-06-29,44,0,8,29,5,2,13,4,7,23,0,5,0,1,0,1,0,2,0,0,0,0
2016-06-30,33,0,7,35,4,1,9,6,9,17,1,0,0,0,0,0,0,1,0,0,0,0
2016-07-01,43,0,8,32,4,0,15,2,10,17,6,3,0,0,0,1,0,1,0,0,0,0
2016-07-02,56,0,8,37,4,4,9,2,7,16,1,4,0,1,1,1,0,3,1,0,0,0
2016-07-03,37,0,4,31,1,2,11,2,5,10,0,9,1,1,1,0,0,0,0,0,0,0
2016-07-04,35,0,11,22,4,3,11,4,8,14,1,4,0,0,0,0,0,0,0,0,0,0
2016-07-05,32,0,1,29,4,3,8,6,4,16,4,1,2,1,1,2,0,0,0,0,0,0
2016-07-06,44,0,5,20,5,6,6,6,5,11,4,5,0,2,1,1,0,0,0,0,0,0
2016-07-07,35,0,4,30,4,3,8,4,7,18,2,3,0,0,0,2,0,0,0,0,0,0
2016-07-08,33,0,12,26,5,3,9,2,16,22,2,2,0,1,2,1,0,2,0,0,0,0
2016-07-09,35,0,7,32,5,1,12,2,6,15,1,6,0,0,0,2,0,1,0,0,0,0
2016-07-10,42,0,8,31,4,3,18,1,8,19,4,3,0,3,2,0,0,2,0,0,0,0
2016-07-11,44,0,6,43,9,5,10,6,9,23,3,1,0,2,0,1,0,0,0,0,0,0
2016-07-12,58,0,4,24,3,1,11,4,8,14,2,7,2,0,1,2,0,0,0,0,0,0
2016-07-13,43,0,3,30,6,3,12,6,14,17,2,2,0,2,0,3,0,2,0,0,0,0
2016-07-14,45,0,11,29,7,3,6,2,11,17,2,4,0,0,1,1,0,1,0,0,0,0
2016-07-15,36,0,6,30,2,5,12,5,6,20,2,3,1,0,0,0,0,0,0,0,0,0
2016-07-16,47,0,7,32,6,2,8,5,8,15,4,4,1,1,2,0,0,0,0,0,0,0
2016-07-17,50,0,9,29,2,3,11,3,15,29,1,4,0,1,2,0,0,0,0,0,0,0
2016-07-18,37,0,9,29,4,4,16,3,5,14,1,5,3,2,1,1,0,1,0,0,0,0
2016-07-19,40,0,6,24,4,2,12,4,12,22,4,2,0,1,2,2,0,0,0,0,0,0
2016-07-20,50,0,3,35,6,1,10,2,11,16,1,10,0,0,0,2,0,0,0,0,0,0
2016-07-21,34,0,8,35,8,2,13,2,11,15,2,1,1,1,0,3,0,1,2,0,0,0
2016-07-22,42,0,10,38,3,7,9,5,6,20,1,3,0,1,0,0,0,0,0,0,0,0
2016-07-23,43,0,11,22,3,1,5,3,10,23,3,5,1,1,1,1,0,1,0,0,0,0
2016-07-24,49,0,9,32,5,5,3,4,10,14,3,2,0,0,2,3,0,0,0,0,0,0
2016-07-25,29,0,12,28,6,1,5,2,7,21,3,5,0,0,1,2,0,0,1,0,0,0
2016-07-26,33,0,7,27,3,1,5,1,4,14,1,3,1,0,1,1,0,2,0,0,0,0
2016-07-27,35,0,4,31,3,3,11,3,8,25,3,2,0,0,1,2,0,1,0,0,0,0
2016-07-28,25,0,7,34,4,3,8,2,10,19,2,2,3,1,1,3,0,0,0,0,0,0
2016-07-29,39,0,8,29,10,2,9,2,5,23,2,6,0,1,1,2,0,3,1,0,0,0
2016-07-30,34,0,6,28,2,3,7,0,10,14,7,4,1,1,0,0,0,1,0,0,0,0
2016-07-31,42,0,14,28,5,1,12,6,7,12,5,5,0,0,1,0,0,0,0,0,0,0
2016-08-01,35,0,5,29,2,2,4,4,8,18,3,5,1,1,1,1,0,0,0,0,0,0
2016-08-02,32,0,4,38,5,3,5,3,8,9,3,3,2,1,0,0,0,0,0,0,0,0
2016-08-03,47,0,2,45,6,5,11,6,5,14,8,4,1,1,0,2,0,0,0,0,0,0
2016-08-04,32,0,5,22,5,1,6,3,9,14,4,4,0,0,2,0,0,0,0,0,0,0
2016-08-05,29,0,3,34,3,1,14,5,13,22,0,3,1,2,0,1,0,2,0,0,0,0
2016-08-06,50,0,8,28,4,4,13,1,14,10,1,4,0,0,1,1,0,2,0,0,0,0
2016-08-07,34,0,8,29,8,2,6,4,9,12,3,3,1,1,1,0,0,1,0,0,0,0
2016-08-08,35,0,11,22,8,2,7,3,3,20,5,3,0,1,1,2,0,0,0,0,0,0
2016-08-09,33,0,3,26,5,2,7,1,7,10,4,0,1,0,0,1,0,0,1,0,0,0
2016-08-10,34,0,6,36,2,0,7,2,10,17,2,5,0,0,1,0,0,0,0,0,0,0
2016-08-11,32,0,7,35,3,1,8,2,6,11,2,2,2,2,0,0,0,1,0,0,0,0
2016-08-12,32,0,10,25,3,1,10,2,7,16,3,5,1,0,0,0,0,0,0,0,0,0
2016-08-13,25,0,14,27,2,5,11,1,8,15,3,2,0,0,0,1,0,0,0,0,0,0
2016-08-14,27,0,3,25,6,1,11,2,7,17,2,4,0,0,2,0,0,2,0,0,0,0
2016-08-15,37,0,4,28,7,1,10,1,7,14,1,3,0,0,1,0,0,0,0,0,0,0
2016-08-16,35,0,4,22,6,2,8,3,11,16,3,5,0,1,0,1,0,0,1,0,0,0
2016-08-17,27,0,11,25,3,2,9,3,11,19,3,2,2,0,1,3,0,0,0,0,0,0
2016-08-18,27,0,8,21,6,2,12,3,11,13,2,7,1,1,0,3,0,1,0,0,0,0
2016-08-19,42,0,10,26,4,3,9,2,7,21,7,3,2,0,0,0,0,2,0,0,0,0
2016-08-20,21,0,3,26,9,6,8,4,3,12,3,3,0,0,1,0,0,0,0,0,0,0
2016-08-21,35,0,10,27,3,1,7,2,4,21,1,5,0,2,0,2,0,0,0,0,0,0
2016-08-22,35,0,11,31,11,2,5,5,7,11,4,5,0,2,1,2,0,1,0,0,0,0
2016-08-23,42,0,5,31,3,1,10,2,9,19,3,5,0,1,2,0,0,0,0,0,0,0
2016-08-24,20,0,4,26,5,0,7,1,9,13,3,5,0,0,1,1,0,1,0,0,0,0
2016-08-25,44,0,5,24,4,2,10,0,7,16,2,1,2,1,0,2,0,1,0,0,0,0
2016-08-26,29,0,10,25,2,2,10,3,5,7,1,3,1,1,0,0,0,1,0,0,0,0
2016-08-27,39,0,8,32,4,1,10,0,5,8,3,3,0,2,0,1,0,0,0,0,0,0
2016-08-28,31,0,15,32,6,5,8,4,7,11,3,3,0,2,2,0,0,2,0,0,0,0
2016-08-29,23,0,5,25,4,4,10,3,6,16,3,3,0,0,0,3,0,0,0,0,0,0
2016-08-30,27,0,7,28,2,4,10,7,7,15,4,2,0,0,2,4,0,0,1,0,0,0
2016-08-31,33,0,5,22,7,0,9,3,9,16,0,1,1,1,1,3,0,0,0,0,0,0
2016-09-01,29,0,9,30,1,3,5,6,3,12,2,5,0,1,1,2,0,0,0,0,0,0
2016-09-02,30,0,3,21,5,4,4,3,7,10,1,3,0,1,2,0,0,1,1,0,0,0
2016-09-03,36,0,10,25,2,2,10,3,4,16,2,7,0,2,0,1,0,0,0,0,0,0
2016-09-04,43,0,9,22,4,1,6,7,8,12,3,0,1,0,0,2,0,0,0,0,0,0
2016-09-05,22,0,10,33,7,3,9,2,7,22,1,2,1,0,0,1,0,0,0,0,0,0
2016-09-06,39,0,9,32,10,2,6,2,12,15,4,6,1,0,0,0,0,0,0,0,0,0
2016-09-07,39,0,4,39,0,3,8,5,13,18,5,3,1,0,2,3,0,0,0,0,0,0
2016-09-08,32,0,1,29,3,2,10,2,8,12,5,6,0,0,1,2,0,0,0,0,0,0
2016-09-09,33,0,14,32,4,0,4,1,4,14,3,8,0,0,0,0,0,0,0,0,0,0
2016-09-10,39,0,8,28,6,1,7,5,13,17,1,5,3,1,1,2,0,2,0,0,0,0
2016-09-11,42,0,7,37,3,4,6,3,3,11,3,4,1,1,1,0,0,1,0,0,0,0
2016-09-12,28,0,9,32,7,5,8,3,9,23,2,3,0,0,0,1,0,1,0,0,0,0
2016-09-13,30,0,12,31,3,2,5,0,10,9,2,5,0,0,0,0,0,0,0,0,0,0
2016-09-14,33,0,5,31,5,1,4,2,14,7,3,3,0,0,0,1,0,3,0,0,0,0
2016-09-15,32,0,4,31,5,1,12,1,10,10,2,3,1,0,0,1,0,0,0,0,0,0
2016-09-16,32,0,8,25,0,0,6,2,6,13,3,5,1,1,1,3,0,0,0,0,0,0
2016-09-17,30,0,7,20,3,3,9,4,12,9,4,3,0,1,1,2,0,0,0,0,0,0
2016-09-18,33,0,9,25,1,1,8,4,10,15,2,6,1,1,0,0,0,1,0,0,0,0
2016-09-19,33,0,7,29,8,0,9,6,12,16,4,2,1,1,0,1,0,0,0,0,0,0
2016-09-20,33,0,8,36,2,3,11,2,7,16,1,5,1,2,1,0,0,1,0,0,0,0
2016-09-21,34,0,6,32,3,1,7,1,15,15,0,3,0,0,0,1,0,1,0,0,0,0
2016-09-22,33,0,9,23,2,2,8,0,9,13,4,4,0,1,0,5,0,0,0,0,0,0
2016-09-23,32,0,6,22,0,3,5,3,12,11,0,4,0,0,0,2,0,1,0,0,0,0
2016-09-24,34,0,10,19,4,2,8,6,3,18,2,2,0,0,0,1,0,1,0,0,0,0
2016-09-25,36,0,7,27,4,2,10,4,5,14,1,2,1,0,0,0,0,1,0,0,0,0
2016-09-26,22,0,8,24,6,4,6,5,13,12,3,2,1,0,0,1,0,2,0,0,0,0
2016-09-27,37,0,7,22,8,1,5,0,7,17,1,3,0,0,0,0,0,4,0,0,0,0
2016-09-28,22,0,6,31,4,2,2,5,9,6,3,6,1,1,1,0,0,0,0,0,0,0
2016-09-29,28,0,9,27,6,3,10,1,4,9,4,2,0,0,0,2,0,1,0,0,0,0
2016-09-30,33,0,4,19,4,1,8,2,8,12,0,0,0,1,0,2,0,0,0,0,0,0
2016-10-01,32,0,3,15,4,3,8,4,8,13,0,2,1,0,0,3,0,2,0,0,0,0
2016-10-02,41,0,10,30,2,1,8,2,6,5,3,6,0,0,0,0,0,1,0,0,0,0
2016-10-03,25,0,10,26,2,1,5,0,9,9,3,2,3,0,0,0,0,2,0,0,0,0
2016-10-04,38,0,7,26,6,1,1,0,3,14,5,3,0,0,0,1,0,0,0,0,0,0
2016-10-05,33,0,11,29,5,3,6,0,5,11,3,1,0,1,0,2,0,0,0,0,0,0
2016-10-06,28,0,4,31,4,1,6,1,10,7,1,4,0,1,0,2,0,1,0,0,0,0
2016-10-07,30,0,10,23,5,4,8,1,8,11,2,2,0,2,0,1,0,1,0,0,0,0
2016-10-08,26,0,12,28,2,4,4,0,5,14,4,4,0,0,0,1,0,1,0,0,0,0
2016-10-09,34,0,8,28,5,4,7,2,18,11,1,5,0,3,1,0,0,0,0,0,0,0
2016-10-10,29,0,8,28,4,2,5,1,9,10,5,2,0,0,0,2,0,2,0,0,0,0
2016-10-11,33,0,6,25,5,3,7,1,8,14,3,5,0,1,0,1,0,0,0,0,0,0
2016-10-12,27,0,8,29,5,1,4,2,4,7,5,1,0,1,0,2,0,1,0,0,0,0
2016-10-13,24,0,2,28,4,4,5,2,10,4,3,3,0,0,0,0,0,0,0,0,0,0
2016-10-14,28,0,6,24,2,0,5,4,5,11,4,1,0,2,1,2,0,1,0,0,0,0
2016-10-15,25,0,7,21,2,0,6,2,2,11,1,2,0,1,0,0,0,0,0,0,0,0
2016-10-16,29,0,7,32,1,2,5,5,7,10,1,3,1,0,0,1,0,3,1,0,0,0
2016-10-17,32,0,3,24,2,4,3,4,12,7,2,6,0,0,0,1,0,0,0,0,0,0
2016-10-18,28,0,6,26,5,3,2,2,9,10,2,1,1,1,1,1,0,2,0,0,0,0
2016-10-19,33,0,5,20,4,1,5,1,3,14,0,3,0,0,0,2,0,1,0,0,0,0
2016-10-20,29,0,9,26,5,0,2,2,9,12,4,2,0,1,1,0,0,0,0,0,0,0
2016-10-21,32,0,11,30,1,2,6,2,6,12,3,3,0,1,0,0,0,1,1,0,0,0
2016-10-22,28,0,5,25,6,1,3,3,9,7,1,4,0,0,0,0,0,0,0,0,0,0
2016-10-23,32,0,8,36,5,1,6,3,7,14,4,3,0,0,0,0,0,2,0,0,0,0
2016-10-24,26,0,6,22,4,2,7,4,7,11,1,1,1,2,1,1,0,1,0,0,0,0
2016-10-25,29,0,4,21,3,0,8,3,6,8,2,3,3,0,0,0,0,1,0,0,0,0
2016-10-26,34,0,7,39,1,1,4,1,8,6,0,2,0,1,3,1,0,0,0,0,0,0
2016-10-27,31,0,3,35,6,1,7,6,10,11,1,7,0,1,2,0,0,1,0,0,0,0
2016-10-28,25,0,3,26,8,1,5,2,8,7,3,7,1,1,1,2,0,1,0,0,0,0
2016-10-29,43,0,11,23,2,1,5,3,5,11,1,2,0,0,0,0,0,1,0,0,0,0
2016-10-30,24,0,8,20,5,1,2,5,8,5,1,2,0,0,0,0,0,0,0,0,0,0
2016-10-31,28,0,8,14,1,0,8,5,6,13,0,3,0,1,0,0,0,1,0,0,0,0
2016-11-01,21,0,8,24,5,4,5,3,6,7,1,4,0,1,0,0,0,0,0,0,0,0
2016-11-02,35,0,8,23,0,4,5,1,10,14,3,3,3,0,0,2,0,2,0,0,0,0
2016-11-03,26,0,7,27,4,1,6,0,8,6,2,2,1,0,4,1,0,2,0,0,0,0
2016-11-04,33,0,7,32,5,4,9,0,7,11,5,3,1,0,2,0,0,0,0,0,0,0
2016-11-05,31,0,7,26,4,1,11,1,11,14,2,8,1,1,0,2,0,0,0,0,0,0
2016-11-06,18,0,12,25,7,0,3,4,16,16,1,5,0,0,0,1,0,1,0,0,0,0
2016-11-07,36,0,4,24,3,3,4,5,6,11,2,3,2,1,1,0,0,0,0,0,0,0
2016-11-08,29,0,2,22,3,2,4,2,17,12,6,6,1,1,1,2,0,0,0,0,0,0
2016-11-09,15,0,6,24,2,1,7,1,6,7,1,6,1,0,1,1,0,2,0,0,0,0
2016-11-10,23,0,10,21,1,1,4,3,13,13,1,2,1,2,2,1,0,0,0,0,0,0
2016-11-11,26,0,7,36,1,4,6,2,4,9,4,5,0,1,2,0,0,0,0,0,0,0
2016-11-12,24,0,7,27,2,1,5,2,9,10,1,2,3,2,0,1,0,0,0,0,0,0
2016-11-13,31,0,8,32,4,3,6,2,8,10,4,2,0,1,0,0,0,0,0,0,0,0
2016-11-14,24,0,9,21,4,2,5,4,1,9,0,4,0,1,1,0,0,0,0,0,0,0
2016-11-15,23,0,9,28,3,1,6,0,5,7,2,4,1,1,2,0,0,1,0,0,0,0
2016-11-16,23,0,5,20,2,2,6,2,7,9,3,7,0,0,0,2,0,0,0,0,0,0
2016-11-17,28,0,5,28,4,2,6,0,5,9,6,5,0,0,0,1,0,0,0,0,0,0
2016-11-18,23,0,8,20,4,1,9,3,8,8,5,4,2,0,1,2,0,1,0,0,0,0
2016-11-19,26,0,9,26,4,2,9,3,11,11,4,2,0,1,1,3,0,0,0,0,0,0
2016-11-20,17,0,11,18,1,1,7,4,4,4,2,2,0,0,0,2,0,1,0,0,0,0
2016-11-21,23,0,5,23,3,2,4,1,6,5,2,4,0,0,0,3,0,0,0,0,0,0
2016-11-22,21,0,3,16,4,0,6,4,9,7,0,1,0,0,1,0,0,1,0,0,0,0
2016-11-23,28,0,8,26,3,2,12,1,4,9,1,0,0,2,0,0,0,0,0,0,0,0
2016-11-24,27,0,5,24,3,1,8,2,7,11,0,2,2,0,1,1,0,0,0,0,0,0
2016-11-25,31,0,4,23,2,1,9,1,5,8,3,2,0,1,0,1,0,2,0,0,0,0
2016-11-26,20,0,3,20,3,0,10,0,7,6,3,5,0,1,0,0,0,1,0,0,0,0
2016-11-27,24,0,8,30,6,3,7,1,9,7,6,1,1,0,0,1,0,1,0,0,0,0
2016-11-28,25,0,7,27,2,0,5,4,3,8,3,5,0,0,2,1,0,1,0,0,0,0
2016-11-29,22,0,5,22,4,2,5,2,7,13,2,1,1,0,0,0,0,1,0,0,0,0
2016-11-30,25,0,10,26,0,2,8,0,7,6,4,4,0,0,0,1,0,2,0,0,0,0
2016-12-01,17,0,5,30,0,2,9,2,7,14,2,4,1,1,0,2,0,0,0,0,0,0
2016-12-02,33,0,10,22,3,1,6,4,6,10,2,6,0,2,0,0,0,4,0,0,0,0
2016-12-03,34,0,5,31,5,3,0,1,6,6,2,0,0,1,0,0,0,0,0,0,0,0
2016-12-04,18,0,9,30,0,1,7,3,7,7,3,1,1,1,0,0,0,0,0,0,0,0
2016-12-05,16,0,9,22,2,2,8,3,5,8,1,4,0,1,1,1,0,0,0,0,0,0
2016-12-06,17,0,10,33,5,1,4,2,8,9,0,2,0,2,0,2,0,0,0,0,0,0
2016-12-07,27,0,3,35,6,3,5,2,3,5,3,4,0,1,0,3,0,0,0,0,0,0
2016-12-08,25,0,9,32,3,0,6,2,5,4,3,3,0,1,0,1,0,1,0,0,0,0
2016-12-09,28,0,6,26,2,0,5,0,4,12,1,6,1,0,0,3,0,0,0,0,0,0
2016-12-10,22,0,5,24,1,0,4,2,5,10,3,2,1,0,2,2,0,0,0,0,0,0
2016-12-11,37,0,11,34,5,3,2,3,6,5,2,3,0,1,0,0,0,0,0,0,0,0
2016-12-12,30,0,5,32,4,1,5,4,9,11,0,3,0,0,0,1,0,2,0,0,0,0
2016-12-13,26,0,7,34,3,0,4,2,10,10,2,3,0,1,0,1,0,0,0,0,0,0
2016-12-14,26,0,7,33,2,0,5,2,9,7,1,4,0,0,0,0,0,0,0,0,0,0
2016-12-15,35,0,8,31,2,3,4,2,10,4,1,3,0,1,0,1,0,0,0,0,0,0
2016-12-16,13,0,8,15,2,3,2,2,4,8,2,2,1,1,0,1,0,4,0,0,0,0
2016-12-17,25,0,13,29,2,3,8,5,6,8,1,5,0,1,2,0,0,1,0,0,0,0
2016-12-18,27,0,8,20,5,3,12,3,6,15,3,1,1,0,1,0,0,1,0,0,0,0
2016-12-19,22,0,8,25,5,1,5,2,5,7,4,4,1,1,0,2,0,0,0,0,0,0
2016-12-20,28,0,10,18,2,3,6,1,5,13,1,5,0,1,0,2,0,0,0,0,0,0
2016-12-21,27,0,9,25,5,1,8,1,4,8,4,2,1,2,0,1,0,0,0,0,0,0
2016-12-22,26,0,5,22,2,2,5,6,11,9,4,6,0,0,0,0,0,0,0,0,0,0
2016-12-23,21,0,4,22,1,2,9,2,5,7,0,2,1,0,0,0,0,2,0,0,0,0
2016-12-24,35,0,9,29,4,0,6,3,12,5,0,3,0,1,0,0,0,0,0,0,0,0
2016-12-25,30,0,14,16,6,3,4,5,6,4,3,4,0,1,0,0,0,5,0,0,0,0
2016-12-26,19,0,4,23,7,3,4,1,4,7,3,3,2,1,1,0,0,0,0,0,0,0
2016-12-27,28,0,9,19,4,3,3,0,6,7,4,3,0,0,0,2,0,0,0,0,0,0
2016-12-28,20,0,8,24,0,3,8,2,7,9,2,1,1,2,1,0,0,0,0,0,0,0
2016-12-29,19,0,7,32,4,3,7,3,4,5,1,2,0,1,1,0,0,0,0,0,0,0
2016-12-30,11,0,13,13,1,1,2,0,1,2,0,2,0,0,0,0,0,1,0,0,0,0
2016-12-31,26,0,3,11,4,2,4,3,3,4,1,1,2,0,0,3,0,2,0,0,0,0
2017-01-01,16,0,10,28,1,1,6,3,2,11,1,2,0,1,0,0,0,1,0,0,0,0
2017-01-02,29,0,12,25,2,5,2,2,9,15,1,3,0,0,1,0,0,1,0,0,0,0
2017-01-03,43,0,9,25,4,1,6,4,9,15,5,5,1,0,1,1,0,2,0,0,0,0
2017-01-04,24,0,2,31,3,0,5,0,8,5,2,0,0,1,0,2,0,0,0,0,0,0
2017-01-05,16,0,8,25,6,2,7,3,8,9,1,0,2,2,0,1,0,1,0,0,0,0
2017-01-06,29,0,5,33,7,3,7,4,8,3,2,2,1,1,0,0,0,0,0,0,0,0
2017-01-07,28,0,9,33,3,0,5,2,9,10,2,1,1,2,0,0,0,3,0,0,0,0
2017-01-08,27,0,7,32,2,1,3,1,6,7,1,5,0,0,0,0,0,2,0,0,0,0
2017-01-09,15,0,13,27,2,2,2,2,5,8,0,1,0,1,0,2,0,1,0,0,0,0
2017-01-10,30,0,9,23,1,4,4,2,4,14,0,4,1,0,0,1,0,1,0,0,0,0
2017-01-11,25,0,11,27,3,2,7,0,9,9,2,6,0,0,0,0,0,3,0,0,0,0
2017-01-12,25,0,5,36,5,4,2,5,7,8,1,4,0,1,0,0,0,0,0,0,0,0
2017-01-13,29,0,7,19,1,3,2,3,7,12,2,7,0,0,0,0,0,1,0,0,0,0
2017-01-14,38,0,15,19,3,2,4,2,7,9,1,4,0,0,2,0,0,1,0,0,0,0
2017-01-15,25,0,6,36,6,0,8,5,8,7,2,2,2,0,1,1,0,2,0,0,0,0
2017-01-16,21,0,5,27,7,1,4,1,8,7,3,6,0,0,0,1,0,0,0,0,0,0
2017-01-17,32,0,7,21,6,2,4,5,10,6,2,4,2,0,2,1,0,0,0,0,0,0
2017-01-18,33,0,10,30,6,4,6,3,7,9,3,4,1,1,1,0,0,3,0,0,0,0
2017-01-19,33,0,8,31,4,1,8,5,12,6,0,2,0,2,0,0,0,1,0,0,0,0
2017-01-20,25,0,7,26,3,4,5,8,13,13,3,3,1,1,1,1,0,2,0,0,0,0
2017-01-21,32,0,5,31,7,3,7,4,11,12,1,6,0,1,1,1,0,0,0,0,0,0
2017-01-22,18,0,10,24,4,9,7,4,6,15,1,2,1,2,2,2,0,0,0,0,0,0
2017-01-23,29,0,8,25,5,2,3,6,3,13,2,4,2,0,0,2,0,2,0,0,0,0
2017-01-24,28,0,5,23,4,3,10,1,8,10,4,7,1,3,1,0,0,0,0,0,0,0
2017-01-25,21,0,11,27,6,2,7,3,11,17,4,3,0,0,2,1,0,0,0,0,0,0
2017-01-26,36,0,11,26,11,1,0,2,7,15,2,2,1,1,1,0,0,0,0,0,0,0
2017-01-27,29,0,4,36,11,2,9,3,5,11,2,5,2,1,1,3,0,1,0,0,0,0
2017-01-28,32,0,12,33,3,3,9,3,7,17,8,3,1,2,1,0,0,2,0,0,0,0
2017-01-29,18,0,7,21,7,1,5,4,6,10,2,1,0,1,1,0,0,0,0,0,0,0
2017-01-30,29,0,10,26,7,2,10,2,7,14,3,2,0,0,1,0,0,2,0,0,0,0
2017-01-31,34,0,8,34,3,1,7,1,8,10,0,7,0,0,0,0,0,1,0,0,0,0
2017-02-01,33,0,10,25,5,0,4,4,13,13,3,3,1,1,0,0,0,1,0,0,0,0
2017-02-02,20,0,7,24,4,7,11,3,11,3,2,0,0,2,1,1,0,1,0,0,0,0
2017-02-03,32,0,5,31,4,1,6,4,10,6,3,1,0,0,0,1,0,1,0,0,0,0
2017-02-04,20,0,7,23,3,2,7,2,4,3,2,2,0,0,1,1,0,0,0,0,0,0
2017-02-05,40,0,6,20,4,4,2,2,10,13,2,6,0,0,0,2,0,1,0,0,0,0
2017-02-06,27,0,6,22,3,2,5,3,6,11,0,3,1,0,1,0,0,2,0,0,0,0
2017-02-07,15,0,5,23,2,1,2,4,5,17,2,3,0,1,0,2,0,1,0,0,0,0
2017-02-08,22,0,11,23,3,2,5,2,7,3,2,3,0,0,1,1,0,3,0,0,0,0
2017-02-09,20,0,7,19,3,3,5,3,5,13,2,6,0,0,0,1,0,1,0,0,0,0
2017-02-10,32,0,5,28,6,0,6,1,9,9,2,3,0,0,1,2,0,0,1,0,0,0
2017-02-11,21,0,4,29,2,0,4,1,4,8,1,2,0,0,0,1,0,0,0,0,0,0
2017-02-12,20,0,8,27,7,5,5,2,8,8,3,2,0,2,1,1,0,1,0,0,0,0
2017-02-13,27,0,6,32,5,3,11,5,8,10,2,4,0,0,1,1,0,0,0,0,0,0
2017-02-14,20,0,14,21,0,0,5,0,7,10,3,5,0,0,1,1,0,1,0,0,0,0
2017-02-15,16,0,9,20,3,3,4,0,13,4,0,7,0,1,1,1,0,0,0,0,0,0
2017-02-16,31,0,7,32,4,3,5,1,7,9,2,3,0,0,0,4,0,0,0,0,0,0
2017-02-17,21,0,8,19,6,0,9,2,8,6,2,2,0,0,0,2,0,3,0,0,0,0
2017-02-18,26,0,6,34,3,1,9,3,5,12,4,2,2,0,0,0,0,0,0,0,0,0
2017-02-19,30,0,8,26,2,0,6,3,7,10,0,4,0,3,0,1,0,0,0,0,0,0
2017-02-20,26,0,3,33,2,3,4,1,4,11,2,3,0,0,0,0,0,0,0,0,0,0
2017-02-21,25,0,14,29,6,2,6,2,8,1,1,3,0,0,1,0,0,0,0,0,0,0
2017-02-22,25,0,5,34,2,3,7,5,5,11,1,5,0,0,1,2,0,1,0,0,0,0
2017-02-23,30,0,12,28,6,0,5,2,9,9,3,4,1,0,1,0,0,2,0,0,1,0
2017-02-24,21,0,9,28,5,2,3,6,4,7,0,5,1,1,1,0,0,1,1,0,0,0
2017-02-25,23,0,6,26,6,1,9,5,12,8,0,2,0,0,0,1,0,0,1,0,0,0
2017-02-26,25,0,13,28,1,3,7,2,14,11,6,1,0,0,0,0,0,2,0,0,0,0
2017-02-27,23,0,9,32,3,3,7,4,7,8,1,5,1,2,1,2,0,1,0,0,0,0
2017-02-28,20,0,4,23,6,6,4,2,2,5,1,3,0,1,1,2,0,0,0,0,0,0
2017-03-01,24,0,4,26,5,1,6,5,6,9,2,6,0,1,0,4,0,0,0,0,0,0
2017-03-02,23,0,7,22,3,0,3,3,11,6,3,4,1,0,1,1,0,1,0,0,0,0
2017-03-03,32,0,8,22,5,3,5,3,5,10,2,6,0,1,0,0,0,0,0,0,0,0
2017-03-04,28,0,6,22,3,3,2,6,11,7,1,2,0,1,0,2,0,0,0,0,0,0
2017-03-05,24,0,6,15,6,2,2,0,6,9,1,7,1,1,0,0,0,0,0,0,0,0
2017-03-06,21,0,7,28,2,0,4,0,4,5,3,3,0,0,0,2,0,3,0,0,0,0
2017-03-07,25,0,12,30,6,1,7,1,8,8,1,1,0,0,0,0,0,1,0,0,0,0
2017-03-08,20,0,2,24,2,3,5,2,7,11,4,0,1,0,3,1,0,0,0,0,0,0
2017-03-09,22,0,4,22,5,1,4,3,12,7,5,6,0,1,0,0,0,1,0,0,0,0
2017-03-10,28,0,5,29,5,0,3,3,7,6,1,2,0,0,2,2,0,2,0,0,0,0
2017-03-11,20,0,12,24,4,3,1,1,7,6,0,3,1,0,0,0,0,0,0,0,0,0
2017-03-12,24,0,9,24,5,1,2,2,5,4,5,1,0,1,0,1,0,2,0,0,0,0
2017-03-13,33,0,14,25,2,0,5,6,8,3,1,2,0,0,3,0,0,0,0,0,0,0
2017-03-14,31,0,9,19,3,2,0,1,9,10,2,0,0,0,1,2,0,0,1,0,0,0
2017-03-15,28,0,6,28,2,2,3,2,7,7,1,1,1,2,0,2,0,0,1,0,0,0
2017-03-16,21,0,5,32,0,0,7,2,11,5,3,4,0,1,1,1,0,0,0,0,0,0
2017-03-17,19,0,10,22,2,0,7,6,11,6,2,0,0,1,2,2,0,2,0,0,0,0
2017-03-18,25,0,9,26,4,1,9,2,12,11,0,5,0,0,2,0,0,0,0,0,0,0
2017-03-19,22,0,8,27,4,3,6,3,9,6,3,2,0,0,0,2,0,0,0,0,0,0
2017-03-20,20,0,4,29,4,3,1,3,7,5,3,3,4,0,2,0,0,1,1,0,0,0
2017-03-21,28,0,7,19,4,1,6,2,8,10,2,4,0,1,1,1,0,0,0,0,0,0
2017-03-22,26,0,2,24,0,2,7,1,7,10,1,3,0,1,0,0,0,0,0,0,0,0
2017-03-23,28,0,10,22,7,2,4,1,7,7,1,4,1,0,0,1,0,0,0,0,0,0
2017-03-24,21,0,3,32,3,2,3,4,7,9,2,2,0,0,0,2,0,0,0,0,0,0
2017-03-25,28,0,3,30,6,5,6,0,10,9,4,4,0,1,0,0,0,2,0,0,0,0
2017-03-26,22,0,5,24,2,2,6,2,3,9,2,2,0,0,1,2,0,1,0,0,0,0
2017-03-27,32,0,5,28,4,3,6,3,4,3,0,3,1,0,1,4,0,0,0,0,0,0
2017-03-28,23,0,10,30,4,2,3,3,9,10,2,2,1,1,0,0,0,1,0,0,0,0
2017-03-29,21,0,9,37,3,2,8,3,6,5,4,3,0,0,1,1,0,1,0,0,0,0
2017-03-30,29,0,9,26,6,0,4,5,3,11,2,2,0,0,1,1,0,2,0,0,0,0
2017-03-31,21,0,10,37,2,1,4,1,7,11,0,2,1,1,1,2,0,1,0,0,0,0
2017-04-01,29,0,8,28,4,2,7,1,6,7,0,4,1,0,0,1,0,0,0,0,0,0
2017-04-02,26,0,8,28,0,0,6,1,10,8,3,4,0,0,0,1,0,0,0,0,0,0
2017-04-03,33,0,8,40,4,2,2,3,5,5,5,8,0,1,0,1,0,0,0,0,0,0
2017-04-04,22,0,4,24,5,2,7,1,6,15,2,4,0,2,2,0,0,0,0,0,0,0
2017-04-05,32,0,6,29,3,3,3,1,11,8,2,6,0,0,0,2,0,1,0,0,0,0
2017-04-06,25,0,7,31,2,2,4,6,7,11,3,0,0,2,0,0,0,0,0,0,0,0
2017-04-07,29,0,3,28,2,3,4,2,9,12,2,3,0,1,0,1,0,0,0,0,0,0
2017-04-08,32,0,5,24,4,2,4,1,9,9,2,4,1,2,0,0,0,0,0,0,0,0
2017-04-09,37,0,10,30,3,1,6,4,5,4,2,1,0,0,0,0,0,2,0,0,0,0
2017-04-10,23,0,5,26,1,3,6,4,13,9,3,3,0,0,0,3,0,1,1,0,0,0
2017-04-11,30,0,4,35,5,1,3,3,9,6,6,3,1,0,0,2,0,0,0,0,0,0
2017-04-12,26,0,7,30,2,4,6,2,6,8,5,4,1,2,0,1,0,0,1,0,0,0
2017-04-13,23,0,7,40,2,4,3,0,7,17,5,6,0,1,1,0,0,0,0,0,0,0
2017-04-14,35,0,3,23,4,0,8,3,4,6,3,5,0,0,1,1,0,1,0,0,0,0
2017-04-15,34,0,10,27,3,0,4,1,7,18,0,3,0,0,0,1,0,2,1,0,0,0
2017-04-16,29,0,7,21,4,5,9,1,10,11,1,5,1,0,1,1,0,4,0,0,0,0
2017-04-17,24,0,8,38,4,1,10,2,8,11,3,2,0,0,0,0,0,0,0,0,0,0
2017-04-18,36,0,12,25,1,1,4,1,10,6,1,1,0,1,0,1,0,0,0,0,0,0
2017-04-19,27,0,7,26,6,1,2,1,7,14,2,4,5,0,1,0,0,0,1,0,0,0
2017-04-20,38,0,5,27,1,3,5,3,8,11,1,4,0,0,1,1,0,2,0,0,0,0
2017-04-21,33,0,3,28,5,1,3,0,8,7,3,3,0,2,1,0,0,2,0,0,0,0
2017-04-22,29,0,11,28,5,1,2,3,6,6,3,2,0,0,0,0,0,0,0,0,0,0
2017-04-23,31,0,6,23,1,3,8,2,6,7,2,2,0,0,0,0,0,0,0,0,0,0
2017-04-24,23,0,8,20,6,3,7,1,10,6,2,5,1,0,0,0,0,0,0,0,0,0
2017-04-25,26,0,6,32,3,0,7,3,7,5,1,5,0,0,0,1,0,1,0,0,0,0
2017-04-26,20,0,7,26,10,3,6,1,10,11,2,5,1,0,2,0,0,1,0,0,0,0
2017-04-27,26,0,6,34,4,4,5,3,9,10,0,2,0,0,0,2,0,1,0,0,0,0
2017-04-28,31,0,4,33,6,0,9,1,7,10,3,3,0,2,0,1,0,1,0,0,0,0
2017-04-29,32,0,10,35,2,4,8,2,8,10,1,2,0,3,0,1,0,2,0,0,0,0
2017-04-30,41,0,14,22,1,2,6,5,5,8,4,6,0,1,0,1,0,0,0,0,0,0
2017-05-01,27,0,10,24,3,2,7,2,10,9,2,6,3,1,0,2,0,2,0,0,0,0
2017-05-02,28,0,0,32,2,2,5,2,12,7,2,4,1,1,0,2,0,0,0,0,0,0
2017-05-03,40,0,5,32,3,3,4,1,9,11,2,4,4,2,0,1,0,0,0,0,0,0
2017-05-04,43,0,3,35,2,2,7,3,5,14,3,5,1,0,1,0,0,1,0,0,0,0
2017-05-05,29,0,6,31,5,0,7,4,10,12,6,2,0,0,1,1,0,0,0,0,0,0
2017-05-06,26,0,5,23,3,1,10,3,10,8,2,3,0,0,0,1,0,0,0,0,0,0
2017-05-07,21,0,9,34,4,4,7,3,7,9,4,3,1,0,0,2,0,0,0,0,0,0
2017-05-08,24,0,4,27,6,0,8,1,4,12,1,5,1,1,0,2,0,0,0,0,0,0
2017-05-09,31,0,6,24,5,3,7,1,8,7,6,2,0,2,0,2,0,0,0,0,0,0
2017-05-10,32,0,6,17,5,2,7,1,7,7,2,3,2,0,0,0,0,0,0,0,0,0
2017-05-11,34,0,3,24,3,0,5,1,4,14,1,1,2,0,0,2,0,0,0,0,0,0
2017-05-12,18,0,6,49,7,4,3,4,8,15,2,3,0,0,0,0,0,3,0,0,0,0
2017-05-13,25,0,8,31,5,3,6,3,7,13,5,4,0,1,1,0,0,2,1,0,0,0
2017-05-14,35,0,8,24,5,1,4,3,8,17,1,5,1,1,0,1,0,1,0,0,0,0
2017-05-15,18,0,10,28,8,1,4,3,8,11,4,3,1,1,1,0,0,0,0,0,0,0
2017-05-16,43,0,3,37,1,2,6,1,11,7,1,5,0,1,1,0,0,1,0,0,0,0
2017-05-17,33,0,11,25,2,4,8,2,2,14,1,5,0,1,2,0,0,1,0,0,0,0
2017-05-18,41,0,3,28,3,1,10,1,9,16,1,3,0,1,1,1,0,1,0,0,0,0
2017-05-19,34,0,4,31,1,3,4,2,7,6,0,2,2,0,0,0,0,0,0,0,0,0
2017-05-20,36,0,9,37,3,3,3,3,7,11,2,3,0,1,0,1,0,0,0,0,0,0
2017-05-21,45,0,4,29,2,2,8,2,7,17,1,6,0,1,0,0,0,0,0,0,0,0
2017-05-22,36,0,6,41,1,1,8,7,13,12,4,1,1,1,0,0,0,1,0,0,0,0
2017-05-23,18,0,9,32,4,1,8,1,8,20,3,8,1,0,0,0,0,1,0,0,0,0
2017-05-24,43,0,8,26,9,1,6,2,2,13,6,1,0,1,0,1,0,1,1,0,0,0
2017-05-25,27,0,8,14,4,2,11,3,15,10,1,4,0,1,0,0,0,3,0,0,0,0
2017-05-26,40,0,4,26,3,1,7,3,11,17,1,6,0,0,0,0,0,1,0,0,0,0
2017-05-27,37,0,6,23,3,0,14,2,10,11,0,3,0,0,1,1,0,0,0,0,0,0
2017-05-28,38,0,13,19,5,6,9,4,13,7,5,1,0,0,2,1,0,1,0,0,0,0
2017-05-29,46,0,6,42,3,1,7,3,10,9,2,1,0,2,0,0,0,0,0,0,0,0
2017-05-30,38,0,12,26,3,4,5,1,12,10,3,2,0,0,1,0,0,0,0,0,0,0
2017-05-31,45,0,6,27,5,1,9,5,6,11,3,6,0,1,1,1,0,0,0,0,0,0
2017-06-01,33,0,2,24,9,1,11,5,8,12,2,4,1,1,0,1,0,1,0,0,0,0
2017-06-02,33,0,6,31,8,1,7,5,9,13,1,3,1,3,1,1,0,0,0,0,0,0
2017-06-03,48,0,7,35,4,1,5,2,10,18,4,7,0,0,1,0,0,0,0,0,0,0
2017-06-04,42,0,5,39,3,1,9,5,11,11,3,3,1,1,0,0,0,0,0,0,0,0
2017-06-05,33,0,6,29,2,1,6,4,6,24,5,7,1,2,0,1,0,1,0,0,0,0
2017-06-06,37,0,5,33,6,3,9,3,10,22,1,8,0,1,0,0,0,1,0,0,0,0
2017-06-07,35,0,2,36,3,2,6,5,6,21,1,4,2,2,2,1,0,0,0,0,0,0
2017-06-08,54,0,7,25,6,1,8,2,13,18,4,1,1,0,0,1,0,1,0,0,0,0
2017-06-09,34,0,4,32,6,2,8,5,8,24,2,1,0,1,1,1,0,0,0,0,1,0
2017-06-10,40,0,10,29,6,3,7,2,5,21,6,7,2,2,0,2,0,0,0,0,0,0
2017-06-11,51,0,7,26,4,5,8,5,11,27,2,6,0,1,0,0,0,1,0,0,0,0
2017-06-12,49,0,12,16,7,6,10,4,12,23,4,4,0,1,0,4,0,0,0,0,0,0
2017-06-13,35,0,8,44,8,3,12,9,13,13,3,4,0,1,1,0,0,0,0,0,0,0
2017-06-14,39,0,9,29,7,4,9,3,9,17,5,6,2,1,0,1,0,3,0,0,0,0
2017-06-15,36,0,6,44,3,7,8,5,9,18,8,4,0,1,2,3,0,1,0,0,0,0
2017-06-16,40,0,6,34,3,5,8,6,9,23,9,4,0,2,0,0,0,3,0,0,0,0
2017-06-17,37,0,9,27,8,2,9,7,9,22,3,7,1,0,0,2,0,0,0,0,0,0
2017-06-18,34,0,6,34,5,6,13,9,17,20,4,5,2,1,1,0,0,0,0,0,0,0
2017-06-19,45,0,7,25,9,4,13,1,7,30,3,10,1,0,1,1,0,0,0,0,0,0
2017-06-20,49,0,6,35,9,5,10,3,13,23,4,2,0,1,2,0,0,0,0,0,0,0
2017-06-21,46,0,3,36,9,2,8,4,12,20,4,2,0,0,1,0,0,0,0,0,0,0
2017-06-22,43,0,9,33,7,6,13,8,6,24,4,9,3,2,0,2,0,2,0,0,0,0
2017-06-23,47,0,8,26,15,1,7,2,15,20,0,1,3,0,2,1,0,0,0,0,0,0
2017-06-24,38,0,6,32,6,1,5,4,9,21,2,7,0,4,2,1,0,0,0,0,0,0
2017-06-25,46,0,7,40,6,3,9,6,9,22,3,2,2,4,0,0,0,1,0,0,0,0
2017-06-26,46,0,10,24,6,4,17,3,4,20,5,6,1,0,0,0,0,0,0,0,0,0
2017-06-27,44,0,7,33,5,7,12,3,3,22,5,4,1,2,3,0,0,0,0,0,0,0
2017-06-28,30,0,4,30,6,2,11,2,8,29,0,9,0,1,1,0,0,1,0,0,0,0
2017-06-29,42,0,6,25,4,2,8,3,14,18,3,7,0,1,2,4,0,0,0,0,0,0
2017-06-30,35,0,9,26,3,0,11,6,8,20,4,1,0,0,3,0,0,1,0,0,0,0
2017-07-01,43,0,12,28,6,3,8,3,6,28,3,6,1,2,1,0,0,0,0,0,0,0
2017-07-02,32,0,12,20,5,2,14,9,7,19,3,3,0,0,1,0,0,3,0,0,0,0
2017-07-03,42,0,5,25,1,4,11,3,8,19,2,5,2,0,0,1,0,0,0,0,0,0
2017-07-04,38,0,4,28,9,7,12,1,6,19,3,3,0,1,2,0,0,1,0,0,0,0
2017-07-05,30,0,3,36,6,3,11,4,8,22,2,3,0,0,1,0,0,0,0,0,0,0
2017-07-06,47,0,10,20,4,4,13,2,9,19,4,1,1,0,0,1,0,1,0,0,0,0
2017-07-07,38,0,10,28,6,2,6,2,9,29,3,6,0,2,3,1,0,0,0,0,0,0
2017-07-08,43,0,4,25,5,3,12,8,7,31,1,3,1,0,0,2,0,2,0,0,0,0
2017-07-09,55,0,12,21,3,1,6,5,8,21,3,3,0,0,0,1,0,1,0,0,0,0
2017-07-10,47,0,10,32,10,3,8,2,9,23,3,3,1,0,0,1,0,1,1,0,0,0
2017-07-11,38,0,5,28,4,0,6,4,9,29,3,4,0,0,0,1,0,2,0,0,0,0
2017-07-12,38,0,4,28,2,1,5,3,6,18,2,3,0,0,1,0,0,1,0,0,0,0
2017-07-13,36,0,4,25,1,3,4,2,8,17,1,7,1,1,1,2,0,1,0,0,0,0
2017-07-14,40,0,7,31,3,7,9,7,11,22,3,4,0,1,3,1,0,1,0,0,0,0
2017-07-15,31,0,5,29,6,3,10,4,5,11,3,5,0,0,0,2,0,0,0,0,0,0
2017-07-16,42,0,8,30,6,1,10,2,3,23,0,8,2,0,0,1,0,0,0,0,0,0
2017-07-17,43,0,5,38,5,7,10,6,6,21,1,6,0,2,0,1,0,0,0,0,0,0
2017-07-18,50,0,10,33,8,5,7,5,11,22,3,5,1,1,2,2,0,1,0,0,0,0
2017-07-19,29,0,4,27,8,4,6,5,15,22,3,6,0,0,0,2,0,0,0,0,0,0
2017-07-20,42,0,6,23,4,4,6,1,5,19,2,4,1,2,0,2,0,0,0,0,0,0
2017-07-21,48,0,5,27,2,2,7,1,11,13,4,3,0,0,0,0,0,1,0,0,0,0
2017-07-22,37,0,3,22,2,3,7,4,11,26,1,5,0,0,0,2,0,2,0,0,0,0
2017-07-23,38,0,8,28,4,0,9,7,5,12,6,2,2,0,0,0,0,0,0,0,0,0
2017-07-24,46,0,3,17,4,1,6,4,10,18,2,5,1,1,1,1,0,0,0,0,0,0
2017-07-25,31,0,4,26,7,1,4,1,12,14,1,8,0,3,1,2,0,0,0,0,0,0
2017-07-26,33,0,4,23,7,3,8,4,14,17,4,5,3,0,0,3,0,0,0,0,0,0
2017-07-27,37,0,3,26,5,2,11,3,7,19,3,4,0,0,0,0,0,2,0,0,0,0
2017-07-28,35,0,6,36,7,2,6,2,9,22,1,7,0,2,2,0,0,0,0,0,0,0
2017-07-29,31,0,7,29,3,1,7,3,8,16,4,6,2,1,2,0,0,0,0,0,0,0
2017-07-30,35,0,9,30,6,2,9,4,11,17,2,4,0,1,1,0,0,1,0,0,0,0
2017-07-31,32,0,8,36,4,6,13,3,6,18,4,5,1,0,1,0,0,2,0,0,0,0
2017-08-01,39,0,7,39,3,2,4,5,9,15,1,2,2,3,1,0,0,1,0,0,0,0
2017-08-02,38,0,6,32,3,5,11,3,5,14,3,3,1,1,1,1,0,1,0,0,0,0
2017-08-03,40,0,9,26,3,1,10,5,13,19,5,6,0,0,2,1,0,0,0,0,0,0
2017-08-04,35,0,3,24,4,1,7,3,7,10,3,3,0,0,0,2,0,0,0,0,0,0
2017-08-05,31,0,7,19,5,5,6,3,13,17,1,1,2,0,1,1,0,0,0,0,0,0
2017-08-06,43,0,6,33,5,1,3,3,11,13,3,5,0,1,0,1,0,0,0,0,0,0
2017-08-07,51,0,4,26,5,1,5,5,5,15,4,5,1,0,0,1,0,2,0,0,0,0
2017-08-08,38,0,4,24,3,3,4,2,8,8,6,5,0,1,1,2,0,2,0,0,0,0
2017-08-09,47,0,5,31,5,1,2,1,6,18,5,4,0,0,0,0,0,2,0,0,0,0
2017-08-10,28,0,7,17,4,4,7,3,4,18,2,5,1,0,1,0,0,0,0,0,0,0
2017-08-11,30,0,8,34,2,1,7,5,5,8,1,7,1,0,0,2,0,0,0,0,0,0
2017-08-12,43,0,17,29,4,2,9,1,10,11,1,3,1,0,0,1,0,2,0,0,0,0
2017-08-13,33,0,7,22,9,2,2,3,7,20,2,3,0,1,2,1,0,1,0,0,0,0
2017-08-14,34,0,7,26,9,3,8,6,16,14,5,5,0,0,1,2,0,1,0,0,0,0
2017-08-15,41,0,6,23,4,1,6,3,9,13,2,4,0,1,1,3,0,0,0,0,0,0
2017-08-16,32,0,7,21,1,4,8,6,5,11,2,3,1,1,1,2,0,0,0,0,0,0
2017-08-17,31,0,8,29,6,2,6,7,9,19,2,5,0,1,2,0,0,2,0,0,0,0
2017-08-18,33,0,4,28,6,4,12,7,9,19,2,9,0,1,0,0,0,4,0,0,0,0
2017-08-19,40,0,11,26,7,1,5,5,10,20,1,1,1,0,0,0,0,0,0,0,0,0
2017-08-20,30,0,4,31,7,0,1,3,6,17,2,2,1,1,2,1,0,0,0,0,0,0
2017-08-21,44,0,8,23,8,4,8,3,3,20,1,7,0,0,1,1,0,1,0,0,0,0
2017-08-22,32,0,4,33,3,4,8,5,8,14,5,3,0,0,0,2,0,0,1,0,0,0
2017-08-23,28,0,5,25,5,3,3,1,3,14,3,5,0,1,1,0,0,0,0,0,0,0
2017-08-24,30,0,6,24,4,3,8,6,10,16,2,1,1,0,0,2,0,3,0,0,0,0
2017-08-25,31,0,1,27,3,1,8,4,7,15,6,7,0,1,1,1,0,0,0,0,0,0
2017-08-26,39,0,9,24,5,0,4,2,6,14,2,3,1,0,1,1,0,0,0,0,0,0
2017-08-27,47,0,12,22,4,1,5,2,14,16,1,1,0,0,1,0,0,0,0,0,0,0
2017-08-28,32,0,9,30,6,1,6,4,7,9,1,2,2,0,1,2,0,2,0,0,0,0
2017-08-29,33,0,6,25,7,1,8,3,11,17,3,5,0,0,0,2,0,0,1,0,0,0
2017-08-30,49,0,12,25,4,1,7,2,6,14,0,4,0,1,1,1,0,0,0,0,0,0
2017-08-31,28,0,8,35,8,2,9,2,9,15,1,4,0,1,1,0,0,0,0,0,0,0
2017-09-01,31,0,6,33,7,3,5,4,3,18,4,2,0,0,1,0,0,1,0,0,0,0
2017-09-02,29,0,7,20,3,3,9,1,9,15,3,3,0,0,0,0,0,1,0,0,0,0
2017-09-03,35,0,10,26,2,2,4,6,2,10,1,3,0,1,0,0,0,1,0,0,0,0
2017-09-04,32,0,10,21,4,4,11,1,6,10,2,5,0,0,1,1,0,0,0,0,0,0
2017-09-05,31,0,5,30,5,1,6,1,8,12,2,6,0,2,1,2,0,1,0,0,0,0
2017-09-06,27,0,4,26,5,3,5,5,7,16,4,2,0,1,1,0,0,1,0,0,0,0
2017-09-07,35,0,7,27,2,3,3,1,7,14,2,4,0,0,0,2,0,0,0,0,0,0
2017-09-08,31,0,7,40,3,2,5,2,0,15,2,2,0,0,0,0,0,2,0,0,0,0
2017-09-09,31,0,10,31,3,0,7,2,8,6,5,3,0,0,0,2,0,2,0,0,0,0
2017-09-10,43,0,13,24,5,3,7,6,5,13,1,3,1,1,0,1,0,0,0,0,0,0
2017-09-11,33,0,3,25,6,4,3,5,8,14,2,3,2,0,1,0,0,1,0,0,0,0
2017-09-12,45,0,12,33,7,2,10,3,5,12,3,4,0,0,0,1,0,1,0,0,0,0
2017-09-13,28,0,3,35,11,2,5,1,5,16,1,5,2,0,0,1,0,1,0,0,0,0
2017-09-14,39,0,2,31,4,1,4,7,9,8,2,3,0,0,1,3,0,3,0,0,0,0
2017-09-15,30,0,4,31,3,2,5,3,6,4,4,3,1,1,1,1,0,0,0,0,0,0
2017-09-16,44,0,11,36,4,4,7,1,5,18,1,2,0,1,1,1,0,0,0,0,0,0
2017-09-17,37,0,7,29,5,3,8,0,4,8,2,4,0,0,2,2,0,0,0,0,0,0
2017-09-18,37,0,5,24,6,3,11,4,8,10,6,6,2,0,2,0,0,2,0,0,0,0
2017-09-19,38,0,7,26,4,4,6,3,8,7,3,4,1,0,1,0,0,0,0,0,0,0
2017-09-20,37,0,7,21,3,1,7,3,6,12,1,4,1,0,0,2,0,1,1,0,0,0
2017-09-21,26,0,6,39,5,3,3,1,5,17,2,4,1,0,0,1,0,4,0,0,0,0
2017-09-22,43,0,8,26,4,1,7,3,6,16,2,3,0,3,1,5,0,1,1,0,0,0
2017-09-23,32,0,9,27,4,3,8,1,4,18,3,3,0,0,1,0,0,1,0,0,0,0
2017-09-24,41,0,8,31,5,1,5,3,6,8,1,2,0,0,2,1,0,0,0,0,0,0
2017-09-25,27,0,7,35,6,3,4,2,8,10,5,7,0,0,0,0,0,3,1,0,0,0
2017-09-26,37,0,9,36,3,4,5,2,8,18,2,5,0,2,0,2,0,0,0,0,0,0
2017-09-27,35,0,7,27,1,1,5,3,8,13,2,4,0,0,0,1,0,0,0,0,0,0
2017-09-28,35,0,5,29,3,3,3,3,4,10,3,4,0,2,1,0,0,1,0,0,0,0
2017-09-29,29,0,8,30,5,2,6,2,7,16,3,4,0,0,1,0,0,0,0,0,0,0
2017-09-30,29,0,7,35,3,1,8,6,9,7,1,2,1,2,3,1,0,0,0,0,0,0
2017-10-01,29,0,8,22,4,2,12,2,8,7,5,6,1,0,2,0,0,2,0,0,0,0
2017-10-02,29,0,5,25,4,3,6,1,9,13,1,2,1,0,0,1,0,0,0,0,0,0
2017-10-03,36,0,14,29,6,2,8,4,10,11,2,3,0,1,1,1,0,1,0,0,0,0
2017-10-04,33,0,4,35,5,2,5,2,10,14,2,5,0,0,1,2,0,1,0,0,0,0
2017-10-05,29,0,6,19,5,3,13,0,7,11,1,2,0,1,1,2,0,3,0,0,0,0
2017-10-06,25,0,14,34,5,4,6,4,8,13,1,5,2,1,2,2,0,0,0,0,0,0
2017-10-07,32,0,8,26,1,0,6,0,8,4,4,5,1,1,1,0,0,2,0,0,0,0
2017-10-08,42,0,7,29,3,3,1,5,6,16,2,5,3,1,1,0,0,1,0,0,0,0
2017-10-09,26,0,9,29,2,3,3,1,8,12,2,7,1,0,1,0,0,1,0,0,0,0
2017-10-10,24,0,8,31,6,0,3,5,6,15,0,2,0,1,1,1,0,0,0,0,0,0
2017-10-11,38,0,3,28,3,4,10,1,9,17,2,2,1,1,0,0,0,0,0,0,0,0
2017-10-12,32,0,4,31,3,2,7,5,7,12,1,4,1,1,0,1,0,1,0,0,0,0
2017-10-13,32,0,8,27,3,1,4,6,7,9,1,2,0,0,1,3,0,0,0,0,0,0
2017-10-14,31,0,8,23,6,1,4,4,7,13,4,2,1,0,1,1,0,0,0,0,0,0
2017-10-15,30,0,14,32,4,2,10,1,9,12,3,5,0,1,0,1,0,0,0,0,0,0
2017-10-16,38,0,6,29,5,0,10,4,7,10,0,4,2,1,3,1,0,0,0,0,0,0
2017-10-17,18,0,12,32,4,3,6,3,10,10,0,6,0,0,2,2,0,0,0,0,0,0
2017-10-18,25,0,7,30,4,3,8,3,5,10,1,2,1,0,0,1,0,1,0,0,0,0
2017-10-19,32,0,2,27,4,1,4,1,10,12,3,5,1,2,0,2,0,0,0,0,0,0
2017-10-20,29,0,8,30,2,4,8,3,5,9,3,9,1,0,1,1,0,0,1,0,0,0
2017-10-21,22,0,10,19,4,2,5,2,7,11,3,2,1,0,1,0,0,2,0,0,0,0
2017-10-22,28,0,9,27,2,1,3,4,6,12,3,5,1,2,1,3,0,0,0,0,0,0
2017-10-23,28,0,6,24,3,2,9,1,7,4,3,3,0,1,0,0,0,1,0,0,0,0
2017-10-24,24,0,7,37,5,1,4,3,9,16,2,5,0,2,0,0,0,1,0,0,0,0
2017-10-25,26,0,6,25,6,1,3,3,11,5,1,5,1,0,1,1,0,2,0,0,0,0
2017-10-26,30,0,3,31,4,1,1,1,9,11,6,7,0,0,0,2,0,1,0,0,0,0
2017-10-27,19,0,8,27,1,3,4,7,5,11,2,3,2,0,1,1,0,1,0,0,0,0
2017-10-28,19,0,6,25,2,2,5,2,5,5,6,3,1,1,1,1,0,0,0,0,0,0
2017-10-29,25,0,7,33,4,0,6,5,5,12,1,1,1,0,0,0,0,0,0,0,0,0
2017-10-30,38,0,12,25,1,2,6,6,7,12,3,1,0,1,0,1,0,2,0,0,0,0
2017-10-31,25,0,5,32,5,3,10,2,8,5,3,1,2,1,3,1,0,0,0,0,0,0
2017-11-01,27,0,8,24,7,0,4,2,5,10,2,5,0,0,0,0,0,0,0,0,0,0
2017-11-02,29,0,3,18,5,1,4,0,6,3,2,3,0,1,0,2,0,0,0,0,0,0
2017-11-03,22,0,6,23,2,1,9,2,6,10,5,1,0,1,2,1,0,0,1,0,0,0
2017-11-04,22,0,10,22,4,0,3,4,7,4,2,4,0,0,1,0,0,0,0,0,0,0
2017-11-05,27,0,12,27,1,2,6,3,5,12,3,2,0,0,1,0,0,1,0,0,0,0
2017-11-06,36,0,9,26,5,3,6,3,6,19,5,1,0,0,0,1,0,0,0,0,0,0
2017-11-07,32,0,7,37,3,1,6,3,6,4,3,2,2,0,1,0,0,1,0,0,0,0
2017-11-08,21,0,7,36,3,2,9,1,5,7,5,3,2,0,0,1,0,1,0,0,0,0
2017-11-09,14,0,7,32,6,1,10,2,6,8,1,1,0,1,0,0,0,0,0,0,0,0
2017-11-10,34,0,7,28,4,2,6,2,11,8,1,1,0,0,0,0,0,2,0,0,0,0
2017-11-11,18,0,11,27,5,2,6,2,10,11,2,5,1,0,0,1,0,1,0,0,0,0
2017-11-12,28,0,7,23,6,1,4,3,8,5,3,2,0,1,0,2,0,1,0,0,0,0
2017-11-13,34,0,4,27,6,1,4,4,5,14,2,2,0,0,2,0,0,2,0,0,0,0
2017-11-14,25,0,5,34,7,1,8,2,6,6,5,7,1,0,0,1,0,2,0,0,0,0
2017-11-15,18,0,8,23,5,3,9,2,11,9,4,3,1,0,1,0,0,1,0,0,0,0
2017-11-16,26,0,5,25,6,1,8,1,4,10,2,4,0,2,2,2,0,0,0,0,0,0
2017-11-17,30,0,5,27,1,3,8,3,8,7,2,6,0,1,0,1,0,2,0,0,0,0
2017-11-18,21,0,6,35,1,3,3,4,9,6,2,6,0,0,1,1,0,3,0,0,0,0
2017-11-19,18,0,5,13,2,0,5,2,8,7,3,1,0,1,2,1,0,2,0,0,0,0
2017-11-20,32,0,4,20,1,5,4,4,5,6,1,3,0,0,0,1,0,3,0,0,0,0
2017-11-21,32,0,5,25,2,4,4,2,5,10,3,2,1,2,3,1,0,0,1,0,0,0
2017-11-22,26,0,9,34,1,3,2,4,10,4,3,2,0,1,0,1,0,1,0,0,0,0
2017-11-23,32,0,5,28,3,0,7,0,11,13,1,4,0,2,0,3,0,0,0,0,0,0
2017-11-24,27,0,3,26,2,5,7,3,7,12,4,4,1,0,1,0,0,2,0,0,0,0
2017-11-25,27,0,7,30,6,4,1,1,4,12,2,3,0,1,0,1,0,0,0,0,0,0
2017-11-26,25,0,4,22,3,0,5,4,10,8,4,5,3,0,0,1,0,4,0,0,0,0
2017-11-27,24,0,5,19,3,1,3,1,9,13,0,0,1,0,0,0,0,1,0,0,0,0
2017-11-28,20,0,6,29,4,3,1,2,8,11,0,0,1,0,1,1,0,0,0,0,0,0
2017-11-29,32,0,8,25,4,1,3,4,9,13,1,2,0,0,0,1,0,1,0,0,0,0
2017-11-30,13,0,7,26,4,2,3,1,12,10,1,3,1,1,0,0,0,0,0,0,0,0
2017-12-01,22,0,3,30,3,1,3,8,10,12,3,2,1,0,2,2,0,2,0,0,0,0
2017-12-02,32,0,10,27,1,3,9,3,9,6,6,2,0,1,1,1,0,0,0,0,0,0
2017-12-03,23,0,9,25,2,1,5,2,8,7,2,3,2,1,1,1,0,0,0,0,0,0
2017-12-04,33,0,9,19,6,2,4,3,3,5,2,2,0,1,0,2,0,1,0,0,0,0
2017-12-05,16,0,6,29,6,4,5,3,6,7,1,3,0,0,2,0,0,1,0,0,0,0
2017-12-06,22,0,3,30,4,0,2,2,8,9,2,2,0,2,2,2,0,1,0,0,0,0
2017-12-07,21,0,12,33,3,0,2,1,4,7,4,5,0,0,1,0,0,0,0,0,0,0
2017-12-08,24,0,7,28,9,3,5,3,8,7,2,2,0,1,1,0,0,2,0,0,0,0
2017-12-09,29,0,6,21,1,6,6,2,9,10,4,8,0,1,1,0,0,0,0,0,0,0
2017-12-10,29,0,7,33,6,2,2,3,9,10,3,4,0,1,2,0,0,1,1,0,0,0
2017-12-11,35,0,4,25,5,0,2,5,6,9,0,7,2,0,1,0,0,0,0,0,0,0
2017-12-12,35,0,5,26,2,2,3,3,7,11,1,2,0,1,1,2,0,0,0,0,0,0
2017-12-13,18,0,6,27,2,2,3,4,3,11,2,1,0,0,3,2,0,0,1,0,0,0
2017-12-14,26,0,7,32,2,1,8,2,5,13,2,6,0,0,0,1,0,2,0,0,0,0
2017-12-15,33,0,16,20,7,2,6,4,14,12,0,5,1,0,0,0,0,0,1,0,0,0
2017-12-16,36,0,5,21,2,2,4,1,6,8,2,1,1,2,1,1,0,3,0,0,0,0
2017-12-17,30,0,5,20,3,3,7,3,6,13,2,1,0,1,0,1,0,1,0,0,0,0
2017-12-18,15,0,8,26,3,0,7,3,13,11,2,4,0,1,1,0,0,0,0,0,0,0
2017-12-19,28,0,7,30,3,4,6,2,9,11,2,3,1,1,0,1,0,2,0,0,0,0
2017-12-20,31,0,9,25,1,0,1,2,7,13,0,0,1,0,1,1,0,0,0,0,0,0
2017-12-21,32,0,4,25,3,0,3,2,9,15,2,1,1,1,2,0,0,2,0,0,0,0
2017-12-22,22,0,12,24,4,2,4,1,7,14,3,2,0,0,1,2,0,0,0,0,0,0
2017-12-23,19,0,6,23,5,0,3,2,2,6,3,8,0,0,1,1,0,2,0,0,0,0
2017-12-24,21,0,9,18,4,0,5,5,10,10,1,5,2,0,1,1,0,2,0,0,0,0
2017-12-25,31,0,12,40,4,3,6,3,5,7,2,4,0,2,1,1,0,4,0,0,0,0
2017-12-26,31,0,8,30,3,2,5,1,7,13,3,5,0,0,3,0,0,0,0,0,0,0
2017-12-27,19,0,8,27,3,3,5,5,9,16,3,6,1,2,0,1,0,0,0,0,0,0
2017-12-28,22,0,3,30,1,2,5,6,4,12,3,5,1,0,1,0,0,1,0,0,0,0
2017-12-29,7,0,1,16,2,0,2,0,2,1,2,0,1,1,0,1,0,1,0,0,0,0
2017-12-30,7,0,6,4,0,1,1,2,1,1,1,0,0,0,1,1,0,1,0,0,0,0
2017-12-31,22,0,8,29,7,0,4,2,4,4,2,2,2,0,0,1,0,2,0,0,0,0
2018-01-01,27,0,16,25,9,3,2,2,8,5,2,3,0,2,1,0,0,0,0,0,0,0
2018-01-02,22,0,9,22,7,2,3,3,2,10,3,2,0,2,0,0,0,0,0,0,0,0
2018-01-03,21,0,7,31,3,2,4,3,9,14,4,1,1,0,0,0,0,2,1,0,0,0
2018-01-04,16,0,10,29,6,4,4,4,9,9,4,5,1,3,0,0,0,0,0,0,0,0
2018-01-05,31,0,10,24,6,2,6,3,4,4,1,5,1,0,2,2,0,1,0,0,0,0
2018-01-06,28,0,6,32,4,1,5,2,5,9,1,1,0,1,0,0,0,4,0,0,0,0
2018-01-07,23,0,8,22,6,2,6,2,8,11,4,5,0,1,0,1,0,0,0,0,0,0
2018-01-08,23,0,9,21,5,2,3,4,6,11,1,5,1,1,2,0,0,0,0,0,0,0
2018-01-09,19,0,9,25,6,4,6,4,12,9,1,3,0,0,1,1,0,0,0,0,0,0
2018-01-10,29,0,11,18,9,2,6,3,8,17,3,3,0,2,0,0,0,1,0,0,0,0
2018-01-11,29,0,3,26,2,1,4,3,6,13,2,3,0,0,1,0,0,0,0,0,0,0
2018-01-12,29,0,6,28,3,0,1,0,6,6,4,5,0,0,2,2,0,1,0,0,0,0
2018-01-13,27,0,12,23,3,2,4,0,8,6,0,2,0,0,1,1,0,0,0,0,0,0
2018-01-14,22,0,13,23,5,1,3,4,2,14,2,2,0,0,0,1,0,1,0,0,0,0
2018-01-15,23,0,5,29,2,2,5,4,4,9,4,4,0,2,2,1,0,1,0,0,0,0
2018-01-16,31,0,11,41,8,0,1,0,6,11,3,4,0,1,1,2,0,0,0,0,0,0
2018-01-17,20,0,5,35,4,0,2,3,6,10,2,2,0,0,0,2,0,0,0,0,0,0
2018-01-18,12,0,5,35,4,4,5,2,6,8,3,2,0,0,0,1,0,1,0,0,0,0
2018-01-19,23,0,5,25,2,1,3,4,6,10,2,3,1,0,1,1,0,0,0,0,0,0
2018-01-20,26,0,9,22,3,2,2,3,3,10,3,4,1,0,1,1,0,0,0,0,0,0
2018-01-21,21,0,9,14,3,2,4,1,6,8,2,0,2,0,0,1,0,2,0,0,0,0
2018-01-22,27,0,5,18,4,2,4,3,7,9,2,4,1,0,0,1,0,1,0,0,0,0
2018-01-23,26,0,6,38,5,1,2,1,4,7,0,4,1,0,1,1,0,0,0,0,0,0
2018-01-24,30,0,4,27,3,2,3,2,7,10,2,4,0,0,0,3,0,0,0,0,0,0
2018-01-25,35,0,7,25,1,2,2,1,5,12,0,3,2,0,1,1,0,0,0,0,0,0
2018-01-26,23,0,4,26,7,1,4,2,5,10,4,1,0,0,1,0,0,0,0,0,0,0
2018-01-27,19,0,9,18,3,1,2,0,8,10,1,4,0,0,1,0,0,4,0,0,0,0
2018-01-28,25,0,14,26,4,1,2,3,6,7,4,2,0,0,2,1,0,1,0,0,0,0
2018-01-29,21,0,8,21,5,2,5,5,8,8,1,6,1,0,1,0,0,0,0,0,0,0
2018-01-30,28,0,7,24,2,3,0,1,7,8,3,2,0,0,0,1,0,0,0,0,0,0
2018-01-31,32,0,5,30,3,1,3,3,11,8,2,4,0,0,0,1,0,0,0,0,0,0
2018-02-01,25,0,9,26,8,1,4,2,6,6,1,1,0,1,0,0,0,1,0,0,0,0
2018-02-02,23,0,5,22,1,1,5,2,6,12,3,5,1,1,0,0,0,0,0,0,0,0
2018-02-03,25,0,8,29,4,4,3,3,6,7,4,4,0,0,0,0,0,1,0,0,0,0
2018-02-04,31,0,14,27,2,4,4,4,8,10,1,0,0,1,0,0,0,1,0,0,0,0
2018-02-05,21,0,9,26,3,1,3,7,6,13,4,9,0,0,1,0,0,1,0,0,0,0
2018-02-06,19,0,7,34,2,0,3,0,10,7,6,5,0,2,0,1,0,0,0,0,0,0
2018-02-07,27,0,10,31,4,0,7,3,2,6,5,2,0,0,1,3,0,1,0,0,0,0
2018-02-08,18,0,6,22,3,1,6,9,4,13,0,6,0,0,0,1,0,1,0,0,0,0
2018-02-09,18,0,11,34,6,1,6,2,5,8,3,5,0,0,0,1,0,0,1,0,0,0
2018-02-10,26,0,10,33,3,2,4,5,8,10,4,5,1,0,0,1,0,1,0,0,0,0
2018-02-11,28,0,9,25,4,1,3,4,5,9,2,4,0,1,3,0,0,0,0,0,0,0
2018-02-12,24,0,9,32,4,0,0,2,5,8,4,5,0,2,0,1,0,0,0,0,0,0
2018-02-13,25,0,6,34,0,3,11,0,5,12,5,6,1,0,2,1,0,1,0,0,0,0
2018-02-14,34,0,7,32,7,2,2,0,7,8,4,4,1,1,1,0,0,4,0,0,0,0
2018-02-15,17,0,7,33,5,3,9,3,9,6,5,4,1,0,0,1,0,1,0,0,0,0
2018-02-16,17,0,14,16,5,2,3,2,9,8,2,2,3,1,2,1,0,1,0,0,0,0
2018-02-17,21,0,11,18,0,2,4,3,3,7,1,4,1,1,0,1,0,1,0,0,0,0
2018-02-18,30,0,4,34,5,3,3,4,11,8,4,3,3,0,0,2,0,0,0,0,0,0
2018-02-19,23,0,7,22,3,3,4,6,10,12,1,7,1,1,2,4,0,0,0,0,0,0
2018-02-20,30,0,3,20,3,0,2,4,6,10,0,1,1,0,1,1,0,0,0,0,0,0
2018-02-21,24,0,5,30,2,4,2,1,8,6,1,3,1,0,0,1,0,0,0,0,0,0
2018-02-22,25,0,13,31,2,1,2,3,14,13,1,5,1,0,0,1,0,2,0,0,0,0
2018-02-23,21,0,7,30,3,2,4,5,6,9,3,2,0,1,1,2,0,0,0,0,0,0
2018-02-24,25,0,14,27,2,2,3,0,9,9,2,2,0,1,1,0,0,0,0,0,0,0
2018-02-25,26,0,6,22,3,3,6,3,6,3,4,3,0,1,0,0,0,1,0,0,0,0
2018-02-26,26,0,4,28,2,2,6,2,5,9,4,2,1,0,1,0,0,1,0,0,0,0
2018-02-27,30,0,4,21,2,2,3,1,7,9,2,0,0,1,2,0,0,0,0,0,0,0
2018-02-28,15,0,5,31,1,2,1,1,7,11,2,3,2,0,0,0,0,0,0,0,0,0
2018-03-01,25,0,7,26,2,1,5,0,6,9,5,5,1,0,0,1,0,0,0,0,0,0
2018-03-02,16,0,5,29,4,2,5,2,9,12,2,2,0,0,0,1,0,0,0,0,0,0
2018-03-03,22,0,15,20,2,2,6,5,9,6,2,3,0,1,0,0,0,0,0,0,0,0
2018-03-04,27,0,13,24,3,3,3,3,5,9,1,2,1,1,2,1,0,1,0,0,0,0
2018-03-05,27,0,8,24,3,2,3,3,7,11,2,3,1,1,0,1,0,1,1,0,0,0
2018-03-06,21,0,9,29,5,4,4,3,11,5,1,1,1,0,0,0,0,0,0,0,0,0
2018-03-07,28,0,8,22,2,5,2,3,10,10,2,2,0,1,3,0,0,2,0,0,0,0
2018-03-08,26,0,11,22,10,1,2,1,11,11,3,5,0,1,1,0,0,0,0,0,0,0
2018-03-09,27,0,7,25,3,4,1,1,10,8,3,4,1,1,1,1,0,3,0,0,0,0
2018-03-10,28,0,6,36,5,2,3,1,6,14,5,1,0,1,0,0,0,2,0,0,0,0
2018-03-11,29,0,4,27,1,5,2,4,6,7,3,1,0,2,1,0,0,0,0,0,0,0
2018-03-12,27,0,4,22,2,4,4,2,6,10,2,5,0,1,0,0,0,0,0,0,0,0
2018-03-13,24,0,5,29,3,0,2,1,4,15,2,2,0,2,1,0,0,1,0,0,0,0
2018-03-14,20,0,10,32,2,6,7,2,9,7,0,5,0,1,1,0,0,2,0,0,0,0
2018-03-15,22,0,13,26,2,3,0,4,8,15,3,1,2,0,0,0,0,5,0,0,0,0
2018-03-16,20,0,6,26,5,2,5,2,12,8,0,3,0,0,3,0,0,1,0,0,0,0
2018-03-17,27,0,10,20,4,2,5,1,10,9,1,3,1,1,2,1,0,1,0,0,0,0
2018-03-18,25,0,13,22,5,1,4,1,9,8,0,6,0,0,0,2,0,0,0,0,0,0
2018-03-19,20,0,4,22,1,1,5,4,4,12,4,2,0,2,0,1,0,1,0,0,0,0
2018-03-20,37,0,5,28,4,2,9,1,8,13,2,3,0,1,1,0,0,2,0,0,0,0
2018-03-21,36,0,4,31,2,3,6,4,7,9,1,2,1,0,1,1,0,1,0,0,0,0
2018-03-22,28,0,5,28,5,5,3,1,7,8,1,1,0,0,0,1,0,1,0,0,0,0
2018-03-23,32,0,10,32,3,3,3,2,9,12,1,3,0,0,2,1,0,0,1,0,0,0
2018-03-24,18,0,9,28,5,4,2,3,3,6,2,2,1,0,1,0,0,1,0,0,0,0
2018-03-25,28,0,5,37,3,3,0,3,7,7,6,4,0,0,1,2,0,1,0,0,0,0
2018-03-26,33,0,2,22,6,4,1,3,10,10,4,4,0,1,0,1,0,1,0,0,0,0
2018-03-27,25,0,14,33,2,5,3,4,12,11,0,7,0,0,0,2,0,0,0,0,0,0
2018-03-28,22,0,6,32,5,2,6,1,6,11,4,2,0,0,0,1,0,1,0,0,0,0
2018-03-29,27,0,6,22,1,2,5,2,4,10,3,3,0,1,1,4,0,2,0,0,0,0
2018-03-30,22,0,9,31,5,3,4,3,9,9,0,3,0,1,1,0,0,1,0,0,0,0
2018-03-31,28,0,6,33,4,4,3,2,7,10,1,2,1,0,2,1,0,0,0,0,0,0
2018-04-01,31,0,3,26,2,2,2,5,7,9,3,3,0,0,1,2,0,1,0,0,0,0
2018-04-02,28,0,6,28,4,2,1,1,5,13,7,3,1,0,1,1,0,0,0,0,0,0
2018-04-03,29,0,9,25,5,5,1,1,3,11,2,5,0,0,3,0,0,0,0,0,0,0
2018-04-04,34,0,4,21,5,2,2,2,9,7,0,2,1,0,3,0,0,0,0,0,0,0
2018-04-05,24,0,2,20,2,2,4,1,10,9,1,5,0,1,0,2,0,0,0,0,0,0
2018-04-06,25,0,5,39,6,0,5,6,8,8,3,4,2,0,0,1,0,1,0,0,0,0
2018-04-07,33,0,9,33,3,1,4,2,8,15,3,3,0,1,2,2,0,1,0,0,0,0
2018-04-08,26,0,7,27,6,2,6,5,8,6,1,1,0,0,0,1,0,2,0,0,0,0
2018-04-09,21,0,7,24,8,6,5,0,8,5,1,6,2,0,0,0,0,1,0,0,0,0
2018-04-10,24,0,5,25,3,3,0,1,9,13,5,0,1,0,0,1,0,1,0,0,0,0
2018-04-11,32,0,6,28,6,1,3,2,7,15,0,1,0,0,2,0,0,0,0,0,0,0
2018-04-12,16,0,5,32,1,2,5,0,8,7,2,5,0,0,1,3,0,0,0,0,0,0
2018-04-13,43,0,5,35,5,2,3,4,10,15,2,7,1,0,0,1,0,0,0,0,0,0
2018-04-14,24,0,8,27,5,3,3,0,7,10,2,3,1,1,2,1,0,1,0,0,0,0
2018-04-15,31,0,6,25,9,2,3,3,4,7,4,5,0,2,1,0,0,0,0,0,0,0
2018-04-16,27,0,9,25,3,2,7,2,9,9,1,1,1,0,0,1,0,1,0,0,0,0
2018-04-17,24,0,10,21,4,1,4,2,7,11,4,5,1,0,0,1,0,0,1,0,0,0
2018-04-18,30,0,8,24,1,4,4,4,10,15,2,3,1,0,2,0,0,0,0,0,0,0
2018-04-19,27,0,12,30,3,4,3,0,9,14,4,3,1,1,1,1,0,1,0,0,0,0
2018-04-20,24,0,13,20,3,5,5,3,10,8,5,2,3,1,1,0,0,0,0,0,0,0
2018-04-21,28,0,10,27,3,1,4,2,8,12,3,4,1,1,0,0,0,1,0,0,0,0
2018-04-22,36,0,9,29,1,2,4,3,12,8,0,4,0,2,3,0,0,1,0,0,0,0
2018-04-23,22,0,2,23,2,2,3,5,5,15,0,4,0,0,0,1,0,0,0,0,0,0
2018-04-24,34,0,3,24,4,4,3,3,8,11,3,6,0,1,0,1,0,2,1,0,0,0
2018-04-25,27,0,7,28,3,1,3,4,5,6,4,1,0,0,0,2,0,0,0,0,0,0
2018-04-26,30,0,3,30,4,5,4,4,6,10,3,2,0,1,0,0,0,0,0,0,0,0
2018-04-27,27,0,7,18,6,2,4,3,14,14,2,7,0,0,1,0,0,1,0,0,0,0
2018-04-28,31,0,9,25,1,4,5,5,8,16,0,0,0,0,1,0,0,1,0,0,0,0
2018-04-29,20,0,8,30,2,2,4,3,10,11,4,1,1,0,2,2,0,0,0,0,0,0
2018-04-30,24,0,6,26,5,2,2,4,8,17,3,8,0,1,0,0,0,1,0,0,0,0
2018-05-01,33,0,3,33,5,4,6,0,11,8,4,1,2,1,1,1,0,1,0,0,0,0
2018-05-02,42,0,4,23,4,3,10,2,8,15,1,1,0,0,1,0,0,1,0,0,0,0
2018-05-03,27,0,5,26,1,3,4,2,17,11,3,0,0,2,0,2,0,0,0,0,0,0
2018-05-04,31,0,4,22,4,3,3,3,10,13,5,1,2,2,0,1,0,2,0,0,0,0
2018-05-05,21,0,7,33,4,1,5,3,11,14,5,2,0,0,0,0,0,3,0,0,0,0
2018-05-06,29,0,6,21,4,3,3,3,6,10,1,3,0,2,1,1,0,1,0,0,0,0
2018-05-07,32,0,5,27,5,1,1,1,10,9,1,1,1,0,0,0,0,1,0,0,0,0
2018-05-08,27,0,7,30,7,2,2,4,8,11,3,3,1,1,0,1,0,2,0,0,0,0
2018-05-09,16,0,5,20,2,3,2,2,9,16,2,2,0,0,0,0,0,1,0,0,0,0
2018-05-10,24,0,10,40,3,3,5,3,13,9,3,5,0,0,1,0,0,0,0,0,0,0
2018-05-11,31,0,3,35,3,2,3,1,6,6,3,2,1,0,1,0,0,0,0,0,0,0
2018-05-12,36,0,4,20,2,4,6,5,12,16,3,2,0,1,0,1,0,1,0,0,0,0
2018-05-13,30,0,11,35,4,2,4,4,10,16,0,0,0,0,2,1,0,0,0,0,0,0
2018-05-14,35,0,7,31,3,2,6,5,4,16,0,9,0,1,0,2,0,0,0,0,0,0
2018-05-15,19,0,9,31,7,3,4,6,11,14,3,4,0,0,0,0,0,0,0,0,0,0
2018-05-16,34,0,4,28,3,2,4,6,10,10,1,5,0,1,0,0,0,1,0,0,0,0
2018-05-17,27,0,5,22,5,2,4,3,9,9,3,4,0,1,1,2,0,1,0,0,0,0
2018-05-18,24,0,10,26,2,3,2,5,15,11,2,0,1,0,1,0,0,0,0,0,0,0
2018-05-19,34,0,5,25,4,1,5,2,9,17,3,3,0,0,0,0,0,1,0,0,0,0
2018-05-20,30,0,10,31,7,4,4,2,10,18,4,6,2,0,2,2,0,0,0,0,0,0
2018-05-21,38,0,11,25,4,0,8,4,8,13,5,2,2,1,0,0,0,0,0,0,0,0
2018-05-22,39,0,9,18,3,1,6,4,14,11,2,5,1,1,1,2,0,1,0,0,0,0
2018-05-23,34,0,8,29,3,3,5,2,6,14,3,4,1,0,3,0,0,0,1,0,0,0
2018-05-24,21,0,8,25,3,3,3,4,8,12,0,2,1,0,1,2,0,1,0,0,0,0
2018-05-25,35,0,8,48,4,1,3,4,5,10,2,4,0,1,2,0,0,0,0,0,0,0
2018-05-26,27,0,6,19,5,4,3,2,10,13,3,1,0,0,1,0,0,3,0,0,0,0
2018-05-27,48,0,11,24,4,3,2,3,12,17,1,1,1,0,0,1,0,0,0,0,0,0
2018-05-28,31,0,4,37,5,3,2,1,10,9,0,2,0,0,1,2,0,0,0,0,0,0
2018-05-29,27,0,4,22,1,6,3,1,8,11,4,4,1,0,2,0,0,0,0,0,0,0
2018-05-30,46,0,2,34,4,1,1,3,11,10,4,2,2,1,1,1,0,0,0,0,0,0
2018-05-31,46,0,12,25,3,5,4,1,8,15,0,2,0,0,0,3,0,1,0,0,0,0
2018-06-01,24,0,8,33,10,3,8,4,8,17,1,3,0,0,1,1,0,1,0,0,0,0
2018-06-02,32,0,5,29,7,1,2,1,6,17,1,5,2,1,0,0,0,0,0,0,0,0
2018-06-03,32,0,9,37,9,3,4,4,5,12,2,6,0,1,1,0,0,0,0,0,0,0
2018-06-04,33,0,9,26,7,3,4,6,7,17,8,2,1,2,0,1,0,1,0,0,0,0
2018-06-05,50,0,4,28,7,2,3,3,7,18,4,5,1,2,0,2,0,1,0,0,0,0
2018-06-06,35,0,8,29,4,3,9,4,11,18,1,10,0,0,3,3,0,1,0,0,0,0
2018-06-07,42,0,6,40,7,1,6,4,12,10,2,6,0,0,0,1,0,0,0,0,0,0
2018-06-08,39,0,10,24,4,4,8,6,7,17,0,7,1,0,2,1,0,1,0,0,0,0
2018-06-09,40,0,8,28,5,2,8,6,4,18,2,4,1,0,0,0,0,0,0,0,0,0
2018-06-10,37,0,7,15,9,1,4,2,12,15,5,5,0,1,0,1,0,2,0,0,0,0
2018-06-11,30,0,6,29,3,1,7,2,12,16,3,3,0,0,0,0,0,0,0,0,0,0
2018-06-12,30,0,9,31,4,4,7,6,13,18,4,5,0,1,0,0,0,0,0,0,0,0
2018-06-13,39,0,9,25,8,4,6,2,7,10,5,9,0,0,2,1,0,6,0,0,0,0
2018-06-14,53,0,6,38,5,6,11,3,8,20,7,6,0,0,1,2,0,1,0,0,0,0
2018-06-15,32,0,4,23,5,0,5,6,7,23,3,3,2,0,0,1,0,0,0,0,0,0
2018-06-16,45,0,7,47,5,2,6,1,4,15,3,4,1,1,2,2,0,0,1,0,0,0
2018-06-17,32,0,9,22,4,2,5,5,6,18,5,4,0,1,1,1,0,0,0,0,0,0
2018-06-18,33,0,11,29,6,4,5,4,9,21,2,2,0,1,0,0,0,0,0,0,0,0
2018-06-19,36,0,5,22,3,4,8,7,9,18,0,3,0,0,1,0,0,0,0,0,0,0
2018-06-20,24,0,4,29,4,2,5,3,7,14,3,5,2,2,1,2,0,0,0,0,0,0
2018-06-21,23,0,7,24,7,0,6,7,10,17,0,3,0,1,2,0,0,1,0,0,0,0
2018-06-22,38,0,11,31,6,4,2,6,17,9,1,3,0,2,1,2,0,0,0,0,0,0
2018-06-23,30,0,7,30,5,2,8,1,10,19,2,7,0,1,3,1,0,0,0,0,0,0
2018-06-24,49,0,10,29,8,5,4,5,10,9,4,5,1,0,2,0,0,0,0,0,0,0
2018-06-25,29,0,1,29,4,1,3,1,7,20,0,4,0,1,0,2,0,0,0,0,0,0
2018-06-26,34,0,5,37,5,5,5,3,8,12,1,3,1,1,3,0,0,0,0,0,0,0
2018-06-27,37,0,5,35,5,4,3,0,13,19,5,3,0,1,2,1,0,0,1,0,0,0
2018-06-28,30,0,6,30,5,3,5,6,8,13,1,3,0,1,2,1,0,3,0,0,0,0
2018-06-29,37,0,4,29,4,2,4,4,8,20,3,5,1,1,2,1,0,1,0,0,0,0
2018-06-30,35,0,7,22,4,1,2,4,10,25,1,4,1,0,3,3,0,0,0,0,0,0
2018-07-01,30,0,5,34,4,2,4,6,11,16,3,5,2,1,0,1,0,2,0,0,0,0
2018-07-02,37,0,8,25,4,4,1,1,10,11,5,3,1,0,1,0,0,0,1,0,0,0
2018-07-03,42,0,5,18,5,3,8,5,5,21,2,4,1,1,0,1,0,2,0,0,0,0
2018-07-04,36,0,8,32,7,5,7,2,9,11,0,5,1,0,1,1,0,3,0,0,0,0
2018-07-05,33,0,11,39,4,2,4,3,9,12,2,2,1,1,0,1,0,0,0,0,0,0
2018-07-06,28,0,8,33,3,2,9,3,10,16,3,5,0,0,0,1,0,1,0,0,0,0
2018-07-07,40,0,9,29,7,4,6,4,7,16,3,4,0,0,0,2,0,0,0,0,0,0
2018-07-08,43,0,10,31,4,2,7,2,16,16,2,5,0,2,0,0,0,3,0,0,0,0
2018-07-09,36,0,6,25,3,3,5,6,13,20,2,2,0,1,1,0,0,0,0,0,0,0
2018-07-10,35,0,6,28,8,3,5,2,11,12,2,4,0,1,1,2,0,1,0,0,0,0
2018-07-11,32,0,6,26,7,3,2,2,11,15,5,3,0,0,0,2,0,1,0,0,0,0
2018-07-12,33,0,6,26,5,1,3,4,15,11,5,3,2,1,0,1,0,1,0,0,0,0
2018-07-13,31,0,7,33,3,1,5,2,13,26,0,2,0,2,2,1,0,1,0,0,0,0
2018-07-14,31,0,13,28,2,4,3,2,3,21,1,4,1,2,0,0,0,1,0,0,0,0
2018-07-15,36,0,8,28,3,3,2,7,11,16,1,3,0,0,1,0,0,1,0,0,0,0
2018-07-16,34,0,6,27,8,1,4,2,8,11,2,3,1,0,0,1,0,1,0,0,0,0
2018-07-17,36,0,6,23,8,2,6,8,12,17,5,4,0,0,1,1,0,0,0,0,0,0
2018-07-18,30,0,5,36,2,2,6,1,5,23,2,5,0,0,0,1,0,1,0,0,0,0
2018-07-19,36,0,9,26,2,3,5,3,10,20,5,2,3,1,1,1,0,1,0,0,0,0
2018-07-20,36,0,5,22,4,1,5,0,10,16,6,1,0,3,1,1,0,3,0,0,0,0
2018-07-21,40,0,14,21,3,2,4,5,12,15,3,3,2,3,0,1,0,0,0,0,0,0
2018-07-22,41,0,9,36,6,4,8,3,11,15,5,7,0,1,0,0,0,1,0,0,0,0
2018-07-23,31,0,6,33,6,2,4,5,6,19,4,4,2,1,1,0,0,0,0,0,0,0
2018-07-24,36,0,11,35,3,5,8,4,7,21,1,1,0,1,2,0,0,0,0,0,0,0
2018-07-25,32,0,4,27,6,5,2,2,11,16,4,2,0,0,1,1,0,0,0,0,0,0
2018-07-26,40,0,6,42,6,8,6,4,3,14,2,2,1,1,1,0,0,2,1,0,0,0
2018-07-27,41,0,6,38,2,5,7,2,10,27,4,3,0,2,2,0,0,0,0,0,0,0
2018-07-28,40,0,5,28,3,0,3,1,3,21,1,2,2,1,2,1,0,2,0,0,0,0
2018-07-29,44,0,6,33,6,6,7,3,11,18,2,3,1,0,0,0,0,1,0,0,0,0
2018-07-30,37,0,6,30,8,5,5,4,12,20,3,4,0,0,2,0,0,0,0,0,0,0
2018-07-31,45,0,4,26,7,4,5,5,5,14,2,5,0,1,1,1,0,1,1,0,0,0
2018-08-01,51,0,11,30,10,4,5,2,7,17,4,4,2,0,0,1,0,1,0,0,0,0
2018-08-02,45,0,5,28,7,9,7,5,12,19,5,5,1,0,0,1,0,0,0,0,0,0
2018-08-03,40,0,6,23,5,4,2,3,19,11,3,3,0,2,1,0,0,0,0,0,0,0
2018-08-04,36,0,8,24,8,4,5,4,7,26,2,7,1,1,2,0,0,1,0,0,0,0
2018-08-05,30,0,8,22,4,6,4,5,6,22,5,5,1,3,1,1,0,0,0,0,0,0
2018-08-06,37,0,3,34,8,2,4,6,14,23,4,6,0,1,2,0,0,1,0,0,0,0
2018-08-07,35,0,6,32,4,5,8,5,7,18,1,5,0,0,1,1,0,2,0,0,0,0
2018-08-08,36,0,8,29,8,4,8,1,10,25,1,5,2,4,0,0,0,0,0,0,0,0
2018-08-09,37,0,7,27,8,7,4,3,6,20,7,4,1,1,0,1,0,2,0,0,0,0
2018-08-10,41,0,5,35,4,6,4,2,8,25,5,3,1,2,0,1,0,1,0,0,0,0
2018-08-11,37,0,11,38,5,0,9,6,5,14,2,0,2,1,1,1,0,2,0,0,0,0
2018-08-12,34,0,5,22,8,4,11,8,9,16,4,2,1,2,1,0,0,2,0,0,0,0
2018-08-13,40,0,6,34,4,3,4,2,1,14,3,3,2,1,0,1,0,0,0,0,0,0
2018-08-14,34,0,9,25,4,0,6,3,7,18,0,1,0,3,0,2,0,1,0,0,0,0
2018-08-15,37,0,5,31,7,3,2,4,5,20,2,5,0,0,0,0,0,1,0,0,0,0
2018-08-16,37,0,7,31,3,6,7,6,9,22,2,0,1,2,1,1,0,0,0,0,0,0
2018-08-17,36,0,4,33,5,3,6,1,6,13,0,4,0,4,2,1,0,1,0,0,0,0
2018-08-18,40,0,6,36,6,3,5,3,8,17,0,6,1,1,2,0,0,0,0,0,0,0
2018-08-19,21,0,6,25,3,3,4,3,6,22,4,4,0,0,1,1,0,1,0,0,0,0
2018-08-20,32,0,7,42,3,3,4,2,11,22,1,2,1,1,1,1,0,0,1,0,0,0
2018-08-21,31,0,7,30,3,5,5,4,6,21,0,2,3,0,1,2,0,2,0,0,0,0
2018-08-22,41,0,8,31,8,5,5,4,5,27,0,6,1,1,1,3,0,0,0,0,0,0
2018-08-23,35,0,9,28,4,4,5,2,9,26,2,5,1,0,2,0,0,0,0,0,0,0
2018-08-24,35,0,5,35,3,2,10,3,9,28,1,7,1,0,1,1,0,1,0,0,0,0
2018-08-25,34,0,12,46,6,1,2,1,10,27,5,3,0,2,0,0,0,1,0,0,0,0
2018-08-26,30,0,6,34,9,3,6,5,8,21,3,5,2,1,1,0,0,0,0,0,0,0
2018-08-27,34,0,5,30,6,2,6,2,8,31,3,2,0,0,1,1,0,1,0,0,0,0
2018-08-28,28,0,7,22,1,3,4,4,11,24,1,4,0,1,0,1,0,0,0,0,0,0
2018-08-29,36,0,5,31,1,5,5,5,10,18,2,3,2,1,0,0,0,2,0,0,0,0
2018-08-30,34,0,8,31,3,1,5,0,10,17,3,3,1,1,0,0,0,0,0,0,0,0
2018-08-31,34,0,8,23,3,6,3,2,12,19,1,6,1,0,1,1,0,2,0,0,0,0
2018-09-01,28,0,10,26,6,0,6,3,8,16,4,3,1,0,0,1,0,0,0,0,0,0
2018-09-02,32,0,9,31,4,6,6,4,4,17,2,5,0,0,0,2,0,0,0,0,0,0
2018-09-03,31,0,6,28,4,5,6,3,6,23,3,4,1,1,1,0,0,1,0,0,0,0
2018-09-04,30,0,5,31,4,5,4,6,9,20,4,6,1,1,0,2,0,1,0,0,0,0
2018-09-05,30,0,4,25,5,2,3,2,18,17,2,3,2,3,1,1,0,1,0,0,0,0
2018-09-06,30,0,3,34,5,1,5,3,8,13,1,4,0,2,1,2,0,0,0,0,0,0
2018-09-07,32,0,6,34,3,3,9,3,8,18,2,2,2,2,0,0,0,1,1,0,0,0
2018-09-08,25,0,6,36,4,4,1,0,15,14,4,1,0,1,0,0,0,4,0,0,0,0
2018-09-09,37,0,4,32,6,2,7,5,9,17,4,2,2,1,1,1,0,0,0,0,0,0
2018-09-10,25,0,10,27,7,1,5,0,8,16,3,5,0,0,1,1,0,0,0,0,0,0
2018-09-11,16,0,13,36,6,3,5,2,9,21,2,0,1,0,0,1,0,4,0,0,0,0
2018-09-12,25,0,4,21,6,3,3,0,10,19,1,2,1,0,1,1,0,0,0,0,0,0
2018-09-13,38,0,10,27,5,2,4,2,12,21,4,3,1,0,0,2,0,1,0,0,0,0
2018-09-14,37,0,11,30,3,6,5,2,9,13,2,1,1,1,1,3,0,1,0,0,0,0
2018-09-15,38,0,9,30,2,1,5,0,8,13,4,8,1,1,3,1,0,0,0,0,0,0
2018-09-16,40,0,9,38,3,2,5,4,12,14,1,4,1,1,1,2,0,2,1,0,0,0
2018-09-17,35,0,6,28,6,4,4,1,10,12,4,4,0,0,1,1,0,3,0,0,0,0
2018-09-18,29,0,12,26,5,5,6,5,9,16,1,5,1,1,0,0,0,0,0,0,0,0
2018-09-19,29,0,5,34,7,2,1,0,6,14,3,7,0,0,0,1,0,1,0,0,0,0
2018-09-20,32,0,13,28,3,3,5,4,9,17,4,1,0,1,1,1,0,0,0,0,0,0
2018-09-21,33,0,11,27,3,3,6,3,11,7,2,2,1,0,1,1,0,0,1,0,0,0
2018-09-22,31,0,11,24,6,3,4,0,4,17,2,3,1,1,2,0,0,0,0,0,0,0
2018-09-23,23,0,6,17,1,2,4,3,11,14,6,5,0,1,2,2,0,0,0,0,0,0
2018-09-24,22,0,7,25,2,1,7,2,5,19,5,2,0,1,0,0,0,1,0,0,0,0
2018-09-25,28,0,3,21,4,4,2,1,14,14,2,7,0,0,2,2,0,0,0,0,0,0
2018-09-26,28,0,10,32,5,1,8,2,6,20,3,5,0,3,0,2,0,0,0,0,0,0
2018-09-27,24,0,5,36,6,5,2,6,10,12,1,6,3,0,1,1,0,2,0,0,0,0
2018-09-28,29,0,2,28,2,6,4,3,10,7,0,3,0,0,1,1,0,1,0,0,0,0
2018-09-29,34,0,11,32,3,2,3,1,9,10,3,3,0,0,0,0,0,1,0,0,0,0
2018-09-30,30,0,7,23,2,3,2,1,6,10,4,1,1,0,0,0,0,1,0,0,0,0
2018-10-01,38,0,4,26,14,1,3,1,5,13,3,4,1,1,1,0,0,0,0,0,0,0
2018-10-02,32,0,2,33,3,1,4,4,4,15,2,6,3,2,0,0,0,1,0,0,0,0
2018-10-03,34,0,8,29,2,4,3,2,6,23,5,6,0,0,2,0,0,0,0,0,0,0
2018-10-04,30,0,7,19,6,1,4,4,13,16,3,4,1,0,1,0,0,3,0,0,0,0
2018-10-05,21,0,7,24,8,2,6,3,6,15,1,4,0,0,5,0,0,0,0,0,0,0
2018-10-06,45,0,6,25,5,3,3,2,4,20,1,2,2,0,0,2,0,0,0,0,0,0
2018-10-07,20,0,11,21,1,3,5,2,8,11,4,1,0,0,0,3,0,0,0,0,0,0
2018-10-08,30,0,5,16,8,3,3,4,5,15,2,2,1,0,1,0,0,2,0,0,0,0
2018-10-09,29,0,4,38,3,0,4,4,6,11,5,1,0,0,3,0,0,2,0,0,0,0
2018-10-10,27,0,5,24,4,2,2,3,3,14,1,2,2,1,0,2,0,0,0,0,0,0
2018-10-11,26,0,9,27,6,1,3,4,5,12,4,1,1,0,3,0,0,0,0,0,0,0
2018-10-12,27,0,3,26,5,2,3,7,7,10,1,4,1,1,0,2,0,0,0,0,0,0
2018-10-13,24,0,9,26,2,3,3,7,10,8,1,2,0,2,0,2,0,1,0,0,0,0
2018-10-14,38,0,7,20,4,2,2,1,8,18,1,5,1,0,0,1,0,1,0,0,0,0
2018-10-15,40,0,5,28,2,2,1,3,8,12,3,4,1,3,2,1,0,1,0,0,0,0
2018-10-16,16,0,6,22,2,3,9,3,8,11,2,4,1,1,0,0,0,0,0,0,0,0
2018-10-17,28,0,3,23,2,3,2,3,7,14,1,0,0,2,2,1,0,0,0,0,0,0
2018-10-18,27,0,8,34,6,3,2,2,6,6,3,5,0,2,0,1,0,1,0,0,0,0
2018-10-19,32,0,7,34,6,3,3,4,3,12,3,2,1,0,0,0,0,2,0,0,0,0
2018-10-20,28,0,7,23,3,5,2,5,10,11,1,3,1,0,0,3,0,1,0,0,0,0
2018-10-21,28,0,17,30,6,5,6,3,10,10,2,6,1,0,1,1,0,1,0,0,0,0
2018-10-22,31,0,8,35,3,6,7,2,5,10,3,3,1,0,0,1,0,1,0,0,0,0
2018-10-23,28,0,9,25,8,3,8,1,11,7,2,1,0,0,1,1,0,0,0,0,0,0
2018-10-24,27,0,8,28,4,2,5,1,10,14,3,1,1,1,0,0,0,0,0,0,0,0
2018-10-25,29,0,6,34,8,2,3,3,6,14,2,3,0,0,0,0,0,2,0,0,0,0
2018-10-26,29,0,6,30,7,3,3,2,3,15,2,6,0,0,0,0,0,0,0,0,0,0
2018-10-27,28,0,10,28,4,3,4,3,11,10,4,5,0,1,0,1,0,0,0,0,0,0
2018-10-28,30,0,8,22,2,1,4,2,7,13,6,1,0,1,1,0,0,0,0,0,0,0
2018-10-29,32,0,5,26,3,3,7,4,5,10,2,5,1,0,1,1,0,0,0,0,0,0
2018-10-30,30,0,6,18,4,2,6,6,6,13,2,4,0,0,1,0,0,1,1,0,0,0
2018-10-31,26,0,9,28,4,2,1,1,5,13,2,2,1,2,1,1,0,0,0,0,0,0
2018-11-01,31,0,6,29,2,2,4,5,6,12,1,3,1,1,0,0,0,0,0,0,0,0
2018-11-02,28,0,6,18,9,4,3,5,4,12,2,2,1,1,1,0,0,0,1,0,0,0
2018-11-03,34,0,8,25,1,1,4,0,12,6,1,4,1,0,0,1,0,0,0,0,0,0
2018-11-04,39,0,6,29,6,3,5,2,5,16,3,3,0,0,0,0,0,1,0,0,0,0
2018-11-05,29,0,6,27,6,2,5,6,5,5,2,3,0,2,0,1,0,1,0,0,0,0
2018-11-06,31,0,13,25,7,3,10,2,8,7,3,3,1,0,0,2,0,0,0,0,0,0
2018-11-07,29,0,9,30,5,2,4,2,10,10,2,7,1,0,0,1,0,2,0,0,0,0
2018-11-08,27,0,10,24,7,4,4,6,9,12,5,5,0,1,0,1,0,1,0,0,0,0
2018-11-09,35,0,8,29,3,4,6,1,12,9,1,1,0,1,0,1,0,2,0,0,0,0
2018-11-10,30,0,11,29,5,2,3,2,9,11,5,1,0,1,0,0,0,2,0,0,0,0
2018-11-11,25,0,7,20,0,1,3,2,5,11,4,6,0,1,1,0,0,1,0,0,0,0
2018-11-12,26,0,7,27,5,1,3,3,5,11,2,1,0,0,0,0,0,0,0,0,0,0
2018-11-13,41,0,2,24,3,7,6,4,4,10,3,1,0,0,0,0,0,0,1,0,0,0
2018-11-14,31,0,7,35,6,0,4,6,5,13,1,0,1,0,1,0,0,0,0,0,0,0
2018-11-15,27,0,6,29,5,1,3,2,9,9,2,2,0,2,0,1,0,0,0,0,0,0
2018-11-16,25,0,8,28,3,1,3,1,7,6,2,2,0,0,0,1,0,0,0,0,0,0
2018-11-17,30,0,6,33,4,3,3,3,7,14,4,3,0,0,0,0,0,0,0,0,0,0
2018-11-18,20,0,16,34,4,1,4,1,8,18,4,2,1,0,0,1,0,2,0,0,0,0
2018-11-19,27,0,9,33,6,1,4,5,6,11,2,5,0,0,1,0,0,1,1,0,0,0
2018-11-20,34,0,3,34,4,4,7,1,8,15,1,5,0,0,3,1,0,2,0,0,0,0
2018-11-21,31,0,13,30,3,3,2,2,12,15,1,3,3,0,0,0,0,1,0,0,0,0
2018-11-22,22,0,5,39,4,2,2,7,6,9,3,6,1,0,1,2,0,1,0,0,0,0
2018-11-23,30,0,5,33,3,2,2,5,5,12,3,2,1,1,1,0,0,1,0,0,0,0
2018-11-24,15,0,6,21,2,1,1,3,10,15,4,2,0,0,0,2,0,2,0,0,0,0
2018-11-25,34,0,8,24,4,2,2,3,5,10,4,3,0,0,2,0,0,0,0,0,0,0
2018-11-26,20,0,8,36,2,3,2,3,6,20,1,4,1,1,1,3,0,0,0,0,0,0
2018-11-27,17,0,7,23,3,3,5,4,5,17,6,5,0,0,0,0,0,1,1,0,0,0
2018-11-28,18,0,8,19,3,2,7,0,6,9,2,4,0,0,0,2,0,1,0,0,0,0
2018-11-29,30,0,7,25,6,0,1,2,5,12,3,2,0,1,1,2,0,0,1,0,0,0
2018-11-30,21,0,7,38,3,1,6,2,8,10,4,3,1,2,0,0,0,2,0,0,0,0
2018-12-01,25,0,7,24,1,1,2,4,6,11,3,2,0,0,0,0,0,1,0,0,0,0
2018-12-02,28,0,9,36,5,0,4,6,3,12,3,3,0,1,1,1,0,2,0,0,0,0
2018-12-03,21,0,5,25,3,3,1,4,7,12,1,7,4,0,0,1,0,1,0,0,0,0
2018-12-04,25,0,10,33,4,2,6,5,10,8,0,4,1,0,1,0,0,0,0,0,0,0
2018-12-05,24,0,9,24,0,5,7,2,5,11,4,3,1,2,0,2,0,1,0,0,0,0
2018-12-06,32,0,3,22,3,4,4,3,8,9,4,6,0,1,0,1,0,0,0,0,0,0
2018-12-07,27,0,10,25,5,2,4,6,8,10,3,3,0,0,1,1,0,1,0,0,0,0
2018-12-08,25,0,6,12,3,2,1,2,9,9,1,2,1,1,0,1,0,0,0,0,0,0
2018-12-09,26,0,4,45,3,1,1,2,10,8,2,2,0,0,0,0,0,0,0,0,0,0
2018-12-10,28,0,10,29,2,1,4,4,4,14,5,3,0,0,1,0,0,1,0,0,0,0
2018-12-11,24,0,5,30,3,3,1,1,7,10,2,0,1,0,0,2,0,1,0,0,0,0
2018-12-12,27,0,12,31,5,3,3,3,9,7,5,4,0,0,2,0,0,2,0,0,0,0
2018-12-13,31,0,9,25,7,6,3,1,10,9,1,1,0,0,1,1,0,0,0,0,0,0
2018-12-14,21,0,8,15,4,3,1,2,10,10,1,1,0,1,0,1,0,2,0,0,0,0
2018-12-15,25,0,9,29,2,1,5,1,6,6,2,0,1,1,0,1,0,0,0,0,0,0
2018-12-16,22,0,9,30,5,4,5,6,7,7,2,7,0,0,1,3,0,0,0,0,0,0
2018-12-17,46,0,7,21,3,3,2,6,6,13,2,6,0,0,0,1,0,1,0,0,0,0
2018-12-18,31,0,9,28,3,1,2,3,10,7,0,4,1,0,0,2,0,0,0,0,0,0
2018-12-19,36,0,11,31,6,3,5,8,8,8,2,4,0,0,0,0,0,0,0,0,0,0
2018-12-20,37,0,11,23,3,2,2,5,5,10,3,4,0,0,0,0,0,0,0,0,0,0
2018-12-21,25,0,6,29,4,2,4,4,11,14,5,3,0,0,1,0,0,4,0,0,0,0
2018-12-22,25,0,4,29,5,2,7,2,13,7,1,4,2,1,1,0,0,0,0,0,0,0
2018-12-23,18,0,13,25,6,2,2,6,9,10,4,4,2,0,0,1,0,1,0,0,0,0
2018-12-24,25,0,10,25,5,1,8,1,4,12,2,4,1,0,0,0,0,1,0,0,0,0
2018-12-25,28,0,6,27,5,4,8,3,7,14,3,4,0,0,0,1,0,0,0,0,0,0
2018-12-26,15,0,8,27,3,2,7,3,9,8,2,1,2,2,2,0,0,0,0,0,0,0
2018-12-27,24,0,7,28,6,4,5,3,7,8,2,2,0,0,2,1,0,3,0,0,0,0
2018-12-28,19,0,7,26,1,3,1,7,8,18,4,4,0,0,2,1,0,0,0,0,0,0
2018-12-29,19,0,2,25,2,1,4,5,7,15,2,5,1,0,2,0,0,1,0,0,0,0
2018-12-30,30,0,9,22,3,2,3,8,5,17,1,5,0,3,1,1,0,2,0,0,0,0
2018-12-31,31,0,11,22,3,2,1,1,8,5,1,3,0,0,0,0,0,3,0,0,0,0
2019-01-01,25,0,23,18,3,4,3,5,7,10,3,3,1,0,2,1,0,1,0,0,0,0
2019-01-02,32,0,16,34,4,4,3,6,11,13,1,3,0,1,1,0,0,0,0,0,0,0
2019-01-03,28,0,3,34,4,8,7,2,10,9,3,1,0,0,2,2,0,0,0,0,0,0
2019-01-04,23,0,11,25,4,2,6,11,6,15,3,4,0,2,0,0,0,0,0,0,0,0
2019-01-05,23,0,8,29,4,5,4,0,11,9,7,3,1,0,2,0,0,0,0,0,0,0
2019-01-06,22,0,6,31,2,2,3,4,7,7,2,1,0,0,1,2,0,3,1,0,0,0
2019-01-07,32,0,8,25,3,1,6,1,6,12,1,5,0,1,1,1,0,0,0,0,0,0
2019-01-08,29,0,6,26,7,0,1,1,10,10,1,4,0,2,0,2,0,0,0,0,0,0
2019-01-09,21,0,3,25,1,3,3,3,8,9,6,2,0,0,0,0,0,2,0,0,0,0
2019-01-10,25,0,3,23,6,0,6,0,4,11,2,0,0,1,1,3,0,3,0,0,0,0
2019-01-11,22,0,8,26,2,2,3,3,12,11,2,3,0,0,0,0,0,1,0,0,0,0
2019-01-12,13,0,6,37,2,2,4,4,8,11,5,0,1,2,1,0,0,0,0,0,0,0
2019-01-13,27,0,19,22,3,4,3,4,8,13,4,1,1,0,0,0,0,1,0,0,0,0
2019-01-14,27,0,5,25,4,1,2,0,8,11,0,3,0,1,0,1,0,1,0,0,0,0
2019-01-15,22,0,8,22,4,1,4,2,11,7,8,1,0,2,1,0,0,0,0,0,0,0
2019-01-16,21,0,7,27,4,5,7,2,7,11,2,2,1,0,2,0,0,0,0,0,0,0
2019-01-17,18,0,9,27,2,1,3,6,12,6,0,3,0,0,0,0,0,1,0,0,0,0
2019-01-18,31,0,6,25,2,1,8,5,2,9,2,4,0,2,2,2,0,0,0,0,0,0
2019-01-19,24,0,10,32,1,2,1,4,11,15,2,2,1,0,0,0,0,2,0,0,0,0
2019-01-20,20,0,16,26,0,4,6,1,2,7,2,2,0,0,1,1,0,0,1,0,0,0
2019-01-21,32,0,8,34,2,2,7,1,8,13,1,3,0,0,2,1,0,2,0,0,0,0
2019-01-22,23,0,4,25,3,1,5,3,11,7,0,5,0,0,0,0,0,0,0,0,0,0
2019-01-23,28,0,6,36,2,2,4,4,5,7,1,2,0,0,1,0,0,0,0,0,0,0
2019-01-24,26,0,10,27,8,1,8,3,5,4,3,9,1,1,1,1,1,2,0,0,0,0
2019-01-25,25,0,10,21,3,3,6,1,13,13,2,3,1,1,2,3,0,0,0,0,0,0
2019-01-26,25,0,10,30,5,0,3,7,10,12,4,6,0,1,0,3,0,2,0,0,0,0
2019-01-27,29,0,13,24,5,2,7,3,9,11,2,4,0,0,1,1,0,1,0,0,0,0
2019-01-28,23,0,2,35,2,2,8,3,16,11,6,2,2,0,0,0,0,0,0,0,0,0
2019-01-29,34,0,4,35,2,1,1,6,9,11,3,1,0,0,1,0,0,0,0,0,0,0
2019-01-30,30,0,8,27,6,3,3,1,9,10,4,1,0,0,1,1,0,3,0,0,0,0
2019-01-31,24,0,5,34,3,1,6,2,10,9,2,4,2,2,0,0,0,1,0,0,0,0
2019-02-01,32,0,8,33,3,2,5,2,9,6,4,2,1,0,2,0,0,0,1,0,0,0
2019-02-02,34,0,12,30,10,1,5,2,3,10,2,2,0,4,2,0,0,1,0,0,0,0
2019-02-03,25,0,6,27,5,5,5,1,12,10,3,5,1,0,1,0,0,0,0,0,0,0
2019-02-04,29,0,11,16,6,4,8,2,10,11,2,6,0,0,2,0,0,2,0,0,0,0
2019-02-05,24,0,7,28,5,5,3,8,5,9,2,3,0,0,0,1,1,1,0,0,0,0
2019-02-06,32,0,9,29,10,4,6,5,11,12,10,4,1,0,0,1,0,1,0,0,0,0
2019-02-07,31,0,7,31,6,4,2,4,4,9,5,0,1,0,1,0,0,0,0,0,0,0
2019-02-08,30,0,10,33,9,3,6,8,8,9,1,2,0,0,0,2,0,1,0,0,0,0
2019-02-09,27,0,10,18,7,3,4,7,11,14,3,0,0,0,0,0,0,0,0,0,0,0
2019-02-10,27,0,6,31,5,3,3,5,7,16,2,2,0,0,0,1,0,2,0,0,0,0
2019-02-11,21,0,4,17,4,6,2,2,5,9,4,2,0,0,0,2,0,0,0,0,0,0
2019-02-12,15,0,7,37,2,2,6,4,8,10,1,7,1,1,2,0,0,0,0,0,0,0
2019-02-13,18,0,9,15,5,2,4,4,5,12,2,4,0,1,0,0,0,0,0,0,0,0
2019-02-14,22,0,7,21,9,1,7,4,9,12,2,6,0,0,1,1,0,0,0,0,0,0
2019-02-15,29,0,6,39,5,6,1,5,7,12,2,4,2,0,2,2,0,1,0,0,0,0
2019-02-16,23,0,8,24,3,2,4,8,8,9,2,0,0,1,2,0,0,3,0,0,0,0
2019-02-17,23,0,8,19,3,2,0,3,9,10,3,3,1,1,2,0,0,0,0,0,0,0
2019-02-18,26,0,8,27,3,3,3,7,10,13,3,3,2,3,0,2,0,0,0,0,0,0
2019-02-19,16,0,16,29,2,1,5,5,10,6,3,7,0,2,0,1,0,0,0,0,0,0
2019-02-20,33,0,6,13,5,2,3,4,8,8,5,2,2,1,0,1,0,0,0,0,0,0
2019-02-21,23,0,6,26,0,3,1,6,5,10,0,4,0,0,1,1,0,1,0,0,0,0
2019-02-22,18,0,7,29,2,0,6,3,7,11,1,3,2,1,0,0,0,3,0,0,0,0
2019-02-23,30,0,20,31,2,6,4,1,11,8,5,8,3,2,0,0,0,3,0,0,0,0
2019-02-24,30,0,10,26,2,3,4,1,9,12,3,2,2,0,0,0,0,0,0,0,0,0
2019-02-25,16,0,6,25,5,4,3,2,10,10,0,4,1,0,1,0,0,0,0,0,0,0
2019-02-26,21,0,9,41,4,1,4,2,7,10,1,2,1,0,1,0,0,2,0,0,0,0
2019-02-27,25,0,10,32,2,5,2,4,12,17,3,1,0,0,1,0,0,1,0,0,0,0
2019-02-28,21,0,3,40,3,2,6,3,7,12,1,3,2,0,3,1,0,1,0,0,0,0
2019-03-01,22,0,6,27,0,1,2,1,7,7,1,3,1,1,0,4,0,0,0,0,0,0
2019-03-02,26,0,10,26,7,3,1,3,4,7,4,2,0,1,1,1,0,1,0,0,0,0
2019-03-03,23,0,14,34,2,8,2,6,10,12,1,1,2,3,2,0,0,0,0,0,0,0
2019-03-04,19,0,4,28,3,1,6,4,2,7,3,2,3,0,1,0,0,2,0,0,0,0
2019-03-05,17,0,6,26,4,0,3,5,8,12,3,2,0,1,1,2,0,0,0,0,0,0
2019-03-06,23,0,5,20,0,2,6,3,11,10,3,3,1,1,1,1,0,1,0,0,0,0
2019-03-07,20,0,3,31,5,4,3,1,6,9,0,5,0,0,0,1,0,0,0,0,0,0
2019-03-08,28,0,8,30,2,2,3,1,7,11,2,2,1,0,0,1,0,1,0,0,0,0
2019-03-09,18,0,4,18,4,4,3,2,10,10,2,2,1,1,1,0,0,1,0,0,0,0
2019-03-10,19,0,6,27,2,2,4,3,9,13,2,0,0,1,1,1,0,0,0,0,1,0
2019-03-11,28,0,4,36,1,2,3,5,5,5,4,1,2,0,1,1,0,1,0,0,0,0
2019-03-12,29,0,10,23,2,0,4,0,9,9,2,4,1,1,1,2,0,0,0,0,0,0
2019-03-13,31,0,2,35,4,5,3,1,10,6,6,2,1,0,0,3,0,1,0,0,0,0
2019-03-14,20,0,12,30,2,3,5,3,13,16,2,3,0,0,0,0,0,0,0,0,0,0
2019-03-15,22,0,3,28,2,4,4,3,4,10,2,0,2,0,2,0,0,0,0,0,0,0
2019-03-16,22,0,11,30,5,4,1,7,11,7,2,3,1,2,0,0,0,0,0,0,0,0
2019-03-17,28,0,14,30,3,4,4,1,5,12,1,6,0,0,1,0,0,1,0,0,0,0
2019-03-18,27,0,10,22,5,1,6,1,7,11,4,4,1,0,2,0,0,1,0,0,0,0
2019-03-19,26,0,7,18,2,2,3,2,7,11,3,3,1,1,0,1,0,1,0,0,0,0
2019-03-20,22,0,2,23,4,1,5,5,10,12,4,5,2,0,2,2,0,2,0,0,0,0
2019-03-21,16,0,8,45,6,1,2,4,8,9,3,4,1,1,0,1,0,1,0,0,0,0
2019-03-22,32,0,5,23,7,2,4,1,8,10,2,5,1,0,1,0,0,0,0,0,0,0
2019-03-23,29,0,13,32,1,5,6,2,8,11,4,4,3,1,0,2,0,0,0,0,0,0
2019-03-24,35,0,5,36,5,3,1,2,4,6,1,1,1,0,1,0,0,0,0,0,0,0
2019-03-25,21,0,11,29,3,4,3,5,12,13,1,4,0,0,2,3,0,2,0,0,0,0
2019-03-26,18,0,7,18,3,2,3,2,10,9,3,2,1,0,0,3,0,1,0,0,0,0
2019-03-27,19,0,3,22,3,4,4,2,6,12,4,7,2,2,1,4,0,0,0,0,0,0
2019-03-28,26,0,4,20,3,1,3,5,11,11,1,1,1,0,0,0,0,0,0,0,0,0
2019-03-29,18,0,4,29,1,0,4,4,10,7,1,4,0,0,1,0,0,1,0,0,0,0
2019-03-30,27,0,12,38,4,3,6,3,14,11,2,6,0,0,0,0,0,1,0,0,0,0
2019-03-31,21,0,8,27,5,2,0,4,18,12,2,4,0,0,1,0,0,1,0,0,0,0
2019-04-01,33,0,10,22,6,2,9,5,16,10,1,7,0,0,2,1,0,0,0,0,0,0
2019-04-02,19,0,8,29,3,3,5,3,11,8,4,4,0,1,0,0,0,0,0,0,0,0
2019-04-03,28,0,6,22,0,0,7,1,9,11,3,2,0,0,0,1,0,0,0,0,0,0
2019-04-04,20,0,4,28,1,3,3,5,4,11,3,3,1,2,0,0,0,0,0,0,0,0
2019-04-05,24,0,8,24,3,2,4,5,7,13,3,3,2,0,4,1,0,1,0,0,0,0
2019-04-06,37,0,8,46,3,4,6,3,6,11,4,1,0,0,0,0,0,0,0,0,0,0
2019-04-07,17,0,10,34,4,3,4,3,11,12,2,1,2,0,2,0,0,0,0,0,0,0
2019-04-08,24,0,8,28,5,1,6,2,7,14,3,1,2,0,0,0,0,1,0,0,0,0
2019-04-09,23,0,7,31,5,2,1,3,9,13,1,4,0,0,3,0,0,0,0,0,0,0
2019-04-10,22,0,5,33,5,6,4,1,12,8,2,3,1,0,2,1,0,2,0,0,0,0
2019-04-11,27,0,8,22,0,2,4,0,8,12,2,1,0,0,1,0,0,1,0,0,0,0
2019-04-12,27,0,5,31,4,4,6,7,14,15,1,2,2,0,0,0,0,0,0,0,0,0
2019-04-13,16,0,4,29,4,2,4,2,6,13,1,5,0,0,0,2,0,0,0,0,0,0
2019-04-14,36,0,9,34,6,4,5,2,14,12,1,2,1,1,1,0,0,0,0,0,0,0
2019-04-15,30,0,3,39,5,1,2,5,8,19,2,0,0,0,1,1,0,1,0,0,0,0
2019-04-16,28,0,10,29,4,2,4,5,10,14,0,3,1,3,1,0,0,1,0,0,0,0
2019-04-17,22,0,10,28,9,2,4,2,16,13,3,5,0,0,0,2,0,0,0,0,0,0
2019-04-18,20,0,7,39,4,2,7,4,11,15,3,2,0,1,0,1,0,1,0,0,0,0
2019-04-19,33,0,13,28,1,2,0,6,4,9,1,3,1,1,0,0,0,1,0,0,0,0
2019-04-20,33,0,4,33,7,1,1,3,5,12,2,1,0,0,0,1,0,1,0,0,0,0
2019-04-21,21,0,6,27,5,3,3,2,9,8,1,2,0,1,1,0,0,1,0,0,0,0
2019-04-22,24,0,9,21,1,6,6,0,9,12,0,3,1,0,0,1,0,0,0,0,0,0
2019-04-23,25,0,4,40,6,2,6,2,7,13,1,0,2,0,0,0,0,0,0,0,0,0
2019-04-24,34,0,11,31,3,4,2,1,8,9,2,2,1,1,1,0,0,2,0,0,0,0
2019-04-25,22,0,5,30,5,2,2,3,7,11,4,0,1,0,0,2,0,0,0,0,0,0
2019-04-26,34,0,8,23,9,1,6,4,10,11,1,2,2,1,0,1,0,2,0,0,0,0
2019-04-27,30,0,4,27,2,2,3,3,8,13,2,1,2,0,0,1,0,1,0,0,0,0
2019-04-28,37,0,9,30,4,5,0,4,13,15,0,2,1,1,0,1,0,1,0,0,0,0
2019-04-29,28,0,6,28,3,3,4,1,12,18,2,4,1,1,2,0,0,0,0,0,0,0
2019-04-30,35,0,7,32,3,6,3,4,8,19,2,4,1,1,0,0,0,1,0,0,0,0
2019-05-01,22,0,11,35,3,3,3,4,10,13,2,6,0,0,0,1,0,0,0,0,0,0
2019-05-02,29,0,9,33,4,3,6,3,5,12,3,5,0,2,0,1,0,1,0,0,0,0
2019-05-03,31,0,7,37,0,4,5,7,8,11,2,2,2,1,0,2,0,2,0,0,0,0
2019-05-04,33,0,11,32,2,3,3,4,8,17,3,5,1,0,1,1,0,1,0,0,0,0
2019-05-05,15,0,3,34,6,1,8,1,9,12,0,2,1,0,0,1,0,1,0,0,0,0
2019-05-06,27,0,5,29,2,2,10,3,4,11,2,1,1,0,0,2,0,0,0,0,0,0
2019-05-07,16,0,9,23,5,1,1,4,8,16,6,1,2,1,2,0,0,0,0,0,0,0
2019-05-08,23,0,6,21,5,3,1,0,10,17,4,4,1,0,0,0,0,0,0,0,0,0
2019-05-09,33,0,2,28,4,5,4,4,12,21,1,3,2,1,0,2,0,0,0,0,0,0
2019-05-10,24,0,5,20,4,1,2,6,11,15,0,4,1,0,2,2,0,0,0,0,0,0
2019-05-11,35,0,4,29,1,3,4,7,12,14,1,7,0,0,1,0,0,0,0,0,0,0
2019-05-12,45,0,14,30,4,3,5,3,10,19,4,3,1,1,0,0,0,0,0,0,0,0
2019-05-13,34,0,6,28,8,0,3,7,9,21,5,3,1,0,0,1,0,2,0,0,0,0
2019-05-14,35,0,13,25,6,0,2,5,17,16,2,2,2,0,2,1,0,2,0,0,0,0
2019-05-15,35,0,12,31,6,5,5,7,10,13,6,5,1,1,0,1,0,0,0,0,0,0
2019-05-16,30,0,7,30,7,3,2,6,11,20,1,3,1,2,0,0,0,0,0,0,0,0
2019-05-17,26,0,7,33,1,2,4,5,13,18,1,3,1,0,1,0,0,1,0,0,0,0
2019-05-18,33,0,8,36,3,0,1,2,7,18,5,3,1,0,0,1,0,0,0,0,0,0
2019-05-19,37,0,11,29,4,0,4,4,8,21,1,3,2,0,0,0,0,1,0,0,0,0
2019-05-20,40,0,15,26,6,3,6,5,8,16,2,4,2,1,0,2,0,1,0,0,0,0
2019-05-21,42,0,8,26,1,2,4,6,8,16,4,5,0,1,1,1,0,0,0,0,0,0
2019-05-22,31,0,11,33,5,2,6,6,12,26,1,7,1,1,2,0,0,2,0,0,0,0
2019-05-23,40,0,3,25,4,5,4,2,8,19,2,4,0,0,1,0,0,1,0,0,0,0
2019-05-24,35,0,7,30,2,6,2,2,8,24,3,3,0,0,0,1,0,0,0,0,0,0
2019-05-25,37,0,6,30,6,5,5,7,7,22,1,2,0,1,0,1,0,1,0,0,0,0
2019-05-26,37,0,8,19,7,2,5,5,10,24,1,3,1,1,0,1,0,0,0,0,0,0
2019-05-27,37,0,6,18,7,6,3,4,15,10,3,2,1,3,1,0,0,1,0,0,0,0
2019-05-28,23,0,1,23,3,4,6,3,9,26,3,4,0,3,1,0,0,3,0,0,0,0
2019-05-29,33,0,4,34,10,2,6,2,8,29,2,5,1,0,0,2,0,1,0,0,0,0
2019-05-30,33,0,6,37,5,1,6,4,13,24,2,2,0,1,1,0,0,3,0,0,0,0
2019-05-31,29,0,4,34,4,2,5,4,9,21,2,3,1,2,1,1,0,1,0,0,0,0
2019-06-01,29,0,9,31,4,3,7,5,3,22,4,7,1,0,0,0,0,3,0,0,0,0
2019-06-02,20,0,8,24,3,1,4,6,11,27,2,4,0,1,0,0,0,0,0,0,0,0
2019-06-03,43,0,9,24,3,0,7,7,14,30,4,8,0,1,0,2,0,1,0,0,0,0
2019-06-04,32,0,3,37,1,2,8,0,10,30,2,4,3,0,0,3,0,0,0,0,0,0
2019-06-05,41,0,6,32,6,0,5,8,8,24,2,4,0,1,2,1,0,0,0,0,0,0
2019-06-06,33,0,5,25,7,1,5,5,9,29,3,6,2,0,0,1,0,0,0,0,0,0
2019-06-07,31,0,10,31,5,2,9,12,8,18,3,1,0,0,1,0,0,1,0,0,0,0
2019-06-08,27,0,5,29,3,0,6,7,15,25,3,5,3,1,2,1,0,1,0,0,0,0
2019-06-09,30,0,5,28,5,4,6,7,7,30,3,2,0,0,2,1,0,1,0,0,0,0
2019-06-10,33,0,8,37,0,3,4,9,9,19,2,5,0,1,0,1,0,0,0,0,0,0
2019-06-11,36,0,8,27,6,3,5,3,8,31,0,5,2,0,0,4,0,2,0,0,0,0
2019-06-12,39,0,4,28,11,3,3,7,5,17,3,7,1,1,1,3,0,0,0,0,0,0
2019-06-13,41,0,5,31,5,6,5,12,12,18,5,3,0,0,1,3,0,0,0,0,0,0
2019-06-14,27,0,2,36,9,3,6,5,8,21,2,5,1,0,0,1,0,0,1,0,0,0
2019-06-15,31,0,13,26,2,4,6,4,12,21,6,1,0,0,0,0,0,0,0,0,0,0
2019-06-16,35,0,7,34,4,1,3,7,6,28,5,6,1,0,1,0,0,0,0,0,0,0
2019-06-17,39,0,8,27,5,4,3,9,8,22,5,7,1,1,0,2,0,0,0,0,0,0
2019-06-18,41,0,2,33,4,3,7,8,4,36,6,2,2,0,0,1,0,1,0,0,0,0
2019-06-19,42,0,6,30,5,3,4,8,6,39,4,7,0,2,0,0,0,0,0,0,1,0
2019-06-20,37,0,11,26,5,2,4,9,12,29,4,6,0,1,1,0,0,2,0,0,0,0
2019-06-21,32,0,3,28,2,2,5,7,11,27,3,6,1,1,0,1,0,0,0,0,0,0
2019-06-22,38,0,9,28,4,3,7,7,10,29,3,5,2,0,1,0,0,1,0,0,0,0
2019-06-23,30,0,6,29,7,3,11,8,6,17,4,4,5,0,1,1,0,0,0,0,0,0
2019-06-24,35,0,14,33,4,1,3,14,8,38,3,3,0,0,2,1,0,2,0,0,0,0
2019-06-25,37,0,9,25,6,2,12,8,7,25,3,2,1,0,2,0,0,0,0,0,0,0
2019-06-26,34,0,7,32,4,2,7,10,13,32,6,6,0,0,0,0,0,0,0,0,0,0
2019-06-27,31,0,3,32,3,2,2,6,4,23,2,2,1,0,0,2,0,0,0,0,0,0
2019-06-28,42,0,5,26,4,0,5,8,11,31,2,4,0,0,2,0,0,0,0,0,0,0
2019-06-29,49,0,8,27,1,2,2,7,4,40,1,3,1,0,0,1,0,1,0,0,0,0
2019-06-30,44,0,11,24,2,1,3,7,5,30,3,3,0,0,1,2,0,0,0,0,0,0
2019-07-01,41,0,3,33,5,5,10,10,13,31,1,11,0,0,0,1,0,2,0,0,0,0
2019-07-02,30,0,12,21,6,2,6,11,7,19,5,2,0,0,1,0,0,2,1,0,0,0
2019-07-03,47,0,7,28,4,2,7,4,6,19,1,4,3,0,2,0,0,1,0,0,0,0
2019-07-04,37,0,8,35,8,5,2,9,9,24,1,4,0,2,0,1,0,0,0,0,0,0
2019-07-05,43,0,5,35,3,2,3,5,14,23,1,4,0,2,1,1,0,0,0,0,0,0
2019-07-06,38,0,9,29,5,4,7,12,10,21,0,6,0,0,0,1,0,0,0,0,0,0
2019-07-07,43,0,6,19,8,4,8,9,8,30,4,3,1,0,1,1,0,1,0,0,0,0
2019-07-08,40,0,9,30,0,6,5,6,10,26,4,2,0,0,2,1,0,1,0,0,0,0
2019-07-09,30,0,12,35,4,2,2,3,11,26,6,6,0,1,0,0,0,0,0,0,0,0
2019-07-10,30,0,9,26,2,3,4,6,10,31,2,4,0,0,1,0,0,0,0,0,0,0
2019-07-11,36,0,11,26,8,3,5,12,7,26,3,2,0,0,0,0,0,0,0,0,0,0
2019-07-12,51,0,10,23,2,1,5,4,3,23,2,12,0,0,1,1,0,0,0,0,0,0
2019-07-13,31,0,8,25,4,3,8,6,7,19,4,7,2,0,0,1,0,1,0,0,0,0
2019-07-14,42,0,6,22,6,2,6,3,3,21,1,9,0,1,2,1,0,0,0,0,0,0
2019-07-15,34,0,7,39,4,4,5,5,9,37,0,4,1,0,0,1,0,1,0,0,0,0
2019-07-16,37,0,10,31,7,1,2,3,10,41,3,7,1,0,2,1,0,0,0,0,0,0
2019-07-17,26,0,5,23,5,3,1,10,14,22,1,2,0,0,1,2,0,2,0,0,0,0
2019-07-18,29,0,5,25,0,3,1,8,10,34,2,3,0,1,2,2,0,0,0,0,0,0
2019-07-19,28,0,3,33,3,3,8,6,10,23,2,4,1,0,2,2,0,2,0,0,0,0
2019-07-20,29,0,3,42,7,1,10,13,7,22,3,6,0,2,1,1,0,2,0,0,0,0
2019-07-21,35,0,8,22,4,2,6,13,6,24,4,5,2,2,0,0,0,1,0,0,0,0
2019-07-22,50,0,4,29,5,2,6,6,6,27,2,2,0,2,2,0,0,0,0,0,0,0
2019-07-23,50,0,2,24,2,2,4,4,14,27,2,3,0,0,2,0,0,0,0,0,0,0
2019-07-24,31,0,6,26,3,3,3,4,5,23,1,3,1,1,1,0,0,1,1,0,0,0
2019-07-25,37,0,6,25,9,6,4,6,7,21,3,9,2,0,3,0,0,0,0,0,0,0
2019-07-26,37,0,4,33,8,6,5,2,7,27,2,5,1,0,1,2,0,1,0,0,0,0
2019-07-27,41,0,7,29,7,4,4,3,10,31,3,4,0,0,2,0,0,0,0,0,0,0
2019-07-28,36,0,14,27,4,5,3,7,8,21,4,5,1,0,1,0,0,3,0,0,0,0
2019-07-29,46,0,15,28,7,0,4,6,10,24,4,5,1,1,0,0,0,1,0,0,0,0
2019-07-30,38,0,8,35,5,3,5,4,8,19,3,7,0,0,0,1,0,1,0,0,0,0
2019-07-31,37,0,6,26,2,2,7,7,2,18,0,5,0,0,2,0,0,0,0,0,0,0
2019-08-01,30,0,5,26,5,4,6,6,8,29,2,6,0,0,1,0,0,0,0,0,0,0
2019-08-02,30,0,6,21,5,0,6,5,10,19,9,4,0,1,1,0,0,1,0,0,0,0
2019-08-03,31,0,5,26,6,3,8,7,8,18,1,0,1,2,0,0,0,2,0,0,0,0
2019-08-04,41,0,12,28,1,3,6,7,12,22,2,5,0,0,0,0,0,2,0,0,0,0
2019-08-05,39,0,11,29,7,4,4,7,11,14,3,2,0,2,0,0,0,1,0,0,0,0
2019-08-06,31,0,7,21,4,3,6,8,7,25,8,1,2,0,2,2,0,2,0,0,0,0
2019-08-07,30,0,5,24,3,3,3,3,11,23,2,5,1,2,0,0,0,3,0,0,0,0
2019-08-08,27,0,11,36,2,4,2,3,6,25,0,3,2,0,0,0,0,0,0,0,0,0
2019-08-09,38,0,5,29,2,2,6,6,9,22,1,9,1,1,0,0,0,2,0,0,0,0
2019-08-10,37,0,5,30,5,1,8,4,7,24,2,3,1,3,0,1,0,1,0,0,0,0
2019-08-11,39,0,5,30,5,3,4,4,11,18,5,4,1,0,1,1,0,0,1,0,0,0
2019-08-12,30,0,9,23,7,1,5,3,6,32,1,6,1,2,2,0,0,0,0,0,0,0
2019-08-13,27,0,6,28,6,2,4,9,8,21,1,3,1,0,3,0,0,2,0,0,0,0
2019-08-14,26,0,10,26,8,3,4,6,11,23,1,6,1,2,2,2,0,0,0,0,0,0
2019-08-15,25,0,16,36,5,1,3,4,6,23,7,5,1,0,1,0,0,0,0,0,0,0
2019-08-16,33,0,8,22,7,3,4,3,9,19,2,3,0,0,0,0,0,1,0,0,0,0
2019-08-17,30,0,7,26,4,2,8,3,5,22,3,5,0,1,1,0,0,1,0,0,0,0
2019-08-18,37,0,3,23,3,3,3,10,5,13,6,5,0,0,3,1,0,0,0,0,0,0
2019-08-19,30,0,5,20,2,1,2,3,8,19,2,5,2,1,1,0,0,1,1,0,0,0
2019-08-20,38,0,10,29,2,3,5,6,9,24,2,4,0,1,1,1,0,1,0,0,0,0
2019-08-21,41,0,5,41,4,2,4,4,8,23,3,3,0,0,0,1,0,0,0,0,0,0
2019-08-22,34,0,7,30,4,2,4,8,7,22,3,4,0,0,2,1,0,1,0,0,0,0
2019-08-23,37,0,5,19,5,5,5,3,6,18,1,1,1,2,1,2,0,1,0,0,0,0
2019-08-24,31,0,10,29,2,6,1,2,12,22,2,1,2,1,0,0,0,0,0,0,0,0
2019-08-25,24,0,9,40,5,3,7,6,5,22,1,2,0,0,2,0,0,3,0,0,0,0
2019-08-26,32,0,5,34,1,5,8,4,5,25,0,4,4,1,1,2,0,2,0,0,0,0
2019-08-27,26,0,6,31,5,1,8,5,9,25,2,4,0,0,3,1,0,0,0,0,0,0
2019-08-28,28,0,7,33,5,3,9,7,7,21,3,7,0,2,1,0,0,2,0,0,0,0
2019-08-29,37,0,8,34,2,2,6,3,7,22,1,2,0,0,0,1,0,0,0,0,0,0
2019-08-30,21,0,9,14,2,2,5,3,8,21,6,4,0,0,0,2,0,2,0,0,0,0
2019-08-31,32,0,8,29,8,2,6,2,11,11,2,3,1,0,0,0,0,3,0,0,0,0
2019-09-01,40,0,6,36,4,1,3,7,9,24,5,3,0,1,0,1,0,0,0,0,0,0
2019-09-02,36,0,6,31,3,1,3,2,12,11,2,3,0,2,2,0,0,1,0,0,0,0
2019-09-03,26,0,1,30,2,3,6,6,10,35,4,7,0,0,0,0,0,0,0,0,0,0
2019-09-04,38,0,5,35,5,1,3,5,12,24,4,5,0,0,1,1,0,0,0,0,0,0
2019-09-05,29,0,7,28,3,3,4,4,7,13,1,3,0,1,2,2,0,1,0,0,0,0
2019-09-06,27,0,6,31,5,5,2,6,13,15,2,2,1,1,1,1,0,1,0,0,0,0
2019-09-07,42,0,13,31,6,3,6,8,8,15,1,6,3,1,1,0,0,2,0,0,0,0
2019-09-08,29,0,5,26,5,1,5,9,9,17,2,4,0,0,2,0,0,2,0,0,0,0
2019-09-09,34,0,8,28,6,1,8,5,7,13,5,3,0,1,0,0,0,1,0,0,0,0
2019-09-10,29,0,7,25,5,3,4,4,8,17,2,3,1,1,3,1,0,0,0,0,0,0
2019-09-11,36,0,6,26,3,4,4,6,4,26,2,4,0,1,1,3,0,0,0,0,0,0
2019-09-12,27,0,3,26,3,0,2,6,13,25,1,4,1,0,2,1,0,0,0,0,0,0
2019-09-13,29,0,6,20,2,4,3,2,7,17,1,4,1,0,1,1,0,1,0,0,0,0
2019-09-14,27,0,6,17,6,4,4,2,7,22,3,3,1,1,0,1,0,2,0,0,0,0
2019-09-15,31,0,4,28,5,8,5,1,10,28,1,2,0,0,1,1,0,0,0,0,0,0
2019-09-16,26,0,5,34,1,2,5,9,10,19,2,4,0,0,2,1,0,0,0,0,0,0
2019-09-17,32,0,10,25,5,7,1,2,2,14,2,4,3,0,0,0,0,1,0,0,0,0
2019-09-18,41,0,10,25,2,1,3,6,10,15,2,3,0,1,2,0,0,0,0,0,0,0
2019-09-19,34,0,12,21,3,2,7,1,6,17,2,6,0,0,1,1,0,0,0,0,0,0
2019-09-20,25,0,6,35,7,3,3,2,8,23,1,5,1,0,0,0,0,0,0,0,0,0
2019-09-21,36,0,10,26,5,0,2,4,12,23,5,3,0,3,3,0,0,1,0,0,0,0
2019-09-22,25,0,10,16,11,4,4,3,6,20,1,2,1,0,0,0,0,0,0,0,0,0
2019-09-23,38,0,7,27,2,2,4,3,7,23,1,1,1,1,1,0,0,0,0,0,0,0
2019-09-24,32,0,8,31,3,3,4,4,5,21,0,7,1,0,1,1,0,1,0,0,0,0
2019-09-25,38,0,7,20,5,1,8,4,12,25,7,6,2,0,0,0,0,0,0,0,0,0
2019-09-26,23,0,4,29,4,4,2,4,5,18,2,2,0,0,1,0,0,0,0,0,0,0
2019-09-27,27,0,6,34,5,2,5,8,5,17,1,4,2,1,1,1,0,0,0,0,0,0
2019-09-28,26,0,10,26,4,2,6,4,4,20,2,4,2,1,2,0,0,0,0,0,0,0
2019-09-29,36,0,11,21,3,4,3,5,5,15,3,3,1,1,1,2,0,2,0,0,0,0
2019-09-30,28,0,7,30,2,4,8,6,9,17,6,1,0,0,0,0,0,0,0,0,0,0
2019-10-01,32,0,10,32,4,1,4,3,10,17,1,6,0,0,3,1,0,0,0,0,0,0
2019-10-02,27,0,1,23,7,2,7,7,5,23,4,2,0,0,1,1,0,0,0,0,0,0
2019-10-03,31,0,5,16,3,0,4,9,9,15,2,2,0,1,0,0,0,2,0,0,0,0
2019-10-04,23,0,3,26,1,3,3,3,11,16,3,6,1,1,2,0,0,0,0,0,0,0
2019-10-05,24,0,11,27,3,1,3,3,10,18,2,2,1,0,2,0,0,1,0,0,0,0
2019-10-06,35,0,8,26,6,0,2,8,8,22,2,5,0,2,3,3,0,1,0,0,0,0
2019-10-07,22,0,6,35,4,3,6,9,7,16,3,1,0,2,1,1,0,2,0,0,0,0
2019-10-08,28,0,9,41,6,1,4,9,7,16,2,9,1,1,2,2,0,0,0,0,0,0
2019-10-09,23,0,6,30,5,1,3,9,11,17,2,3,0,0,0,1,0,2,0,0,0,0
2019-10-10,29,0,7,21,4,3,5,8,8,9,0,4,1,2,0,2,0,0,0,0,0,0
2019-10-11,31,0,4,21,3,4,3,5,6,11,1,4,0,1,0,0,0,0,0,0,0,0
2019-10-12,29,0,10,27,4,3,5,6,5,12,1,3,1,0,1,0,0,0,0,0,0,0
2019-10-13,22,0,10,20,3,2,5,10,7,13,4,7,1,0,4,1,0,0,0,0,0,0
2019-10-14,36,0,8,30,6,2,5,5,6,20,6,5,0,0,1,1,0,1,0,0,0,0
2019-10-15,36,0,3,29,1,1,3,3,5,18,4,4,1,0,3,2,0,3,0,0,0,0
2019-10-16,26,0,8,20,3,0,5,3,9,17,2,0,0,1,1,2,0,0,0,0,0,0
2019-10-17,27,0,5,24,3,1,3,4,8,18,0,3,0,0,2,0,0,1,0,0,0,0
2019-10-18,26,0,3,38,3,1,3,1,7,12,4,3,1,0,2,0,0,0,0,0,0,0
2019-10-19,35,0,6,22,5,6,1,8,6,11,0,1,0,0,0,1,0,0,0,0,0,0
2019-10-20,29,0,21,28,2,2,2,8,5,14,2,4,0,0,1,0,0,2,0,0,0,0
2019-10-21,38,0,12,23,2,0,3,6,1,23,1,4,1,0,1,0,0,0,0,0,0,0
2019-10-22,43,0,8,29,1,1,4,4,6,14,2,5,1,1,0,3,0,2,0,0,0,0
2019-10-23,28,0,3,32,3,1,4,0,11,18,3,3,0,1,0,0,0,1,0,0,0,0
2019-10-24,32,0,6,28,2,2,3,1,5,24,6,1,0,0,1,0,0,0,0,0,0,0
2019-10-25,28,0,8,22,2,1,4,7,4,12,1,3,0,0,2,0,0,2,0,0,0,0
2019-10-26,23,0,7,25,2,2,7,5,7,17,4,5,0,0,0,0,0,0,0,0,0,0
2019-10-27,16,0,9,24,3,1,4,5,12,21,0,9,0,2,1,0,0,1,0,0,0,0
2019-10-28,33,0,5,25,2,1,5,6,10,12,3,3,2,1,2,1,0,0,0,0,0,0
2019-10-29,30,0,9,40,2,0,4,1,2,15,2,9,1,0,2,0,0,2,0,0,0,0
2019-10-30,28,0,6,35,2,1,5,4,6,9,0,7,3,0,0,1,0,0,0,0,0,0
2019-10-31,28,0,4,29,1,3,2,5,5,18,0,6,0,0,1,0,0,1,0,0,0,0
2019-11-01,26,0,16,21,0,1,7,5,10,6,1,1,3,0,1,2,0,0,0,0,0,0
2019-11-02,32,0,6,30,5,5,2,6,9,11,5,3,0,1,0,0,0,0,0,0,0,0
2019-11-03,34,0,5,35,7,2,5,2,6,9,5,5,1,1,0,0,0,0,0,0,0,0
2019-11-04,20,0,8,30,1,1,2,3,9,12,2,2,0,1,1,1,0,0,0,0,0,0
2019-11-05,28,0,6,21,5,0,5,5,6,12,3,4,1,0,0,1,0,1,0,0,0,0
2019-11-06,30,0,7,26,0,3,8,2,7,20,3,5,0,0,0,0,0,0,0,0,0,0
2019-11-07,25,0,11,31,4,1,4,5,6,20,0,3,0,1,2,0,0,0,0,0,0,0
2019-11-08,30,0,9,30,2,3,3,5,7,18,6,6,2,0,1,0,0,0,0,0,0,0
2019-11-09,35,0,6,24,4,2,6,6,11,18,3,5,0,1,1,2,0,0,0,0,0,0
2019-11-10,29,0,7,36,4,0,6,4,10,11,0,5,0,2,1,1,0,1,0,0,0,0
2019-11-11,17,0,8,20,4,2,6,7,7,15,2,4,2,0,2,0,0,0,0,0,0,0
2019-11-12,26,0,7,24,8,6,3,4,8,17,1,2,1,1,0,0,0,0,0,0,0,0
2019-11-13,34,0,3,22,2,0,3,4,5,13,6,2,1,0,3,0,0,0,0,0,0,0
2019-11-14,28,0,6,32,2,1,3,3,9,18,4,3,0,0,1,2,0,1,0,0,0,0
2019-11-15,30,0,8,23,4,5,3,6,7,13,2,1,1,1,1,1,0,1,0,0,0,0
2019-11-16,23,0,8,24,6,6,6,5,7,14,1,5,0,1,1,1,0,1,0,0,0,0
2019-11-17,25,0,12,24,3,2,2,3,5,15,3,8,2,0,0,1,0,0,0,0,0,0
2019-11-18,22,0,6,27,1,4,5,3,5,8,2,1,3,1,1,0,0,0,1,0,0,0
2019-11-19,24,0,11,27,3,2,6,3,7,22,4,5,1,0,2,0,0,2,0,0,0,0
2019-11-20,37,0,16,28,3,1,3,5,10,22,2,4,2,0,1,1,0,2,0,0,0,0
2019-11-21,28,0,9,24,2,3,6,3,11,14,3,2,0,2,0,0,0,0,0,0,0,0
2019-11-22,30,0,6,33,4,0,6,1,5,14,1,4,0,0,1,0,0,1,0,0,0,0
2019-11-23,23,0,8,17,1,2,4,4,3,21,2,4,0,0,0,2,0,0,0,0,0,0
2019-11-24,34,0,11,28,1,4,4,1,4,12,0,4,1,0,1,1,0,1,0,0,0,0
2019-11-25,26,0,15,30,2,0,3,1,7,14,1,4,1,0,1,0,0,0,0,0,0,0
2019-11-26,26,0,7,22,1,5,2,3,4,8,1,3,0,2,0,0,0,0,0,0,0,0
2019-11-27,28,0,8,33,2,3,4,1,13,9,5,1,2,0,1,0,0,1,0,0,0,0
2019-11-28,27,0,12,25,3,1,5,5,10,10,1,6,0,1,0,5,0,0,0,0,0,0
2019-11-29,31,0,9,36,4,0,3,6,10,9,2,3,0,0,2,2,0,1,0,0,0,0
2019-11-30,25,0,21,27,3,4,7,0,4,16,4,3,1,0,1,0,0,1,0,0,0,0
2019-12-01,31,0,11,27,6,0,0,10,4,12,2,1,1,2,2,1,0,0,0,0,0,0
2019-12-02,34,0,6,32,3,3,1,2,10,12,0,3,0,0,1,1,0,0,0,0,0,0
2019-12-03,26,0,2,34,5,7,3,3,10,18,1,1,0,0,2,1,0,0,0,0,0,0
2019-12-04,21,0,8,34,4,1,1,3,4,17,2,6,0,0,2,1,0,0,0,0,0,1
2019-12-05,26,0,6,28,3,1,2,7,7,14,1,4,1,0,1,0,0,0,0,0,0,0
2019-12-06,19,0,10,36,5,4,9,4,3,17,2,3,0,0,0,2,0,2,0,0,0,0
2019-12-07,23,0,9,20,3,0,5,1,3,10,0,0,2,0,2,0,0,0,0,0,0,0
2019-12-08,26,0,11,18,1,1,5,2,6,16,0,2,1,0,0,0,0,1,0,0,0,0
2019-12-09,28,0,3,22,1,2,5,7,12,5,0,2,0,0,0,2,0,0,0,0,0,0
2019-12-10,22,0,17,20,6,0,0,3,6,11,1,8,0,0,0,0,0,0,0,0,0,0
2019-12-11,22,0,7,37,4,2,2,4,7,13,4,4,0,1,2,1,0,1,0,0,0,0
2019-12-12,28,0,7,28,2,0,5,3,7,15,3,6,0,0,0,1,0,0,0,0,0,0
2019-12-13,26,0,7,33,3,2,1,4,6,16,4,4,0,0,0,0,0,0,0,0,0,0
2019-12-14,18,0,12,32,0,2,2,4,7,11,0,7,1,1,0,1,0,1,0,0,0,0
2019-12-15,24,0,5,16,2,5,5,4,6,12,3,3,3,1,0,1,0,0,0,0,0,0
2019-12-16,17,0,6,25,1,2,7,6,13,7,2,6,0,1,3,1,0,0,0,0,0,0
2019-12-17,29,0,10,20,0,1,1,2,9,15,2,4,0,0,2,1,0,2,0,0,0,0
2019-12-18,23,0,2,37,4,0,5,3,9,13,3,4,1,0,0,1,0,0,0,0,0,0
2019-12-19,27,0,6,23,2,2,4,8,5,12,6,5,0,1,1,0,0,0,0,0,0,0
2019-12-20,23,0,7,25,6,4,3,6,4,14,2,4,1,1,3,0,0,1,0,0,0,0
2019-12-21,25,0,8,38,5,0,1,6,5,13,0,2,0,0,2,1,0,0,0,0,0,0
2019-12-22,24,0,10,23,6,3,4,4,5,15,2,2,1,0,2,0,0,2,0,0,0,0
2019-12-23,24,0,5,30,3,3,4,8,6,17,2,4,1,0,3,0,0,0,0,0,0,0
2019-12-24,14,0,5,29,7,3,4,4,8,11,3,1,0,0,0,2,0,1,0,0,0,0
2019-12-25,15,0,9,30,4,1,7,2,4,9,1,2,1,0,0,0,0,0,0,0,0,0
2019-12-26,29,0,5,23,4,0,6,2,3,19,1,5,2,0,0,0,0,1,0,0,0,0
2019-12-27,7,0,7,10,0,0,1,0,4,7,0,1,1,0,1,0,0,0,0,0,0,0
2019-12-28,6,0,7,6,1,1,3,4,1,6,1,0,0,1,0,0,0,1,0,0,0,0
2019-12-29,25,0,6,21,2,2,1,5,6,7,2,1,0,1,0,0,0,0,0,0,0,0
2019-12-30,23,0,14,27,4,2,2,8,7,15,0,5,0,0,2,2,0,0,0,0,0,0
2019-12-31,26,0,15,25,2,3,4,5,7,16,1,8,0,1,0,0,0,3,0,0,0,0
2020-01-01,29,0,16,24,3,3,5,6,4,17,4,5,1,1,0,2,0,0,0,0,0,0
2020-01-02,36,0,4,18,6,1,1,7,9,13,2,4,0,1,2,1,0,1,0,0,0,0
2020-01-03,27,0,10,36,8,0,3,1,10,17,4,12,0,1,3,0,0,1,0,0,0,0
2020-01-04,36,0,6,28,1,2,4,8,6,22,2,2,0,0,1,1,0,2,0,0,0,0
2020-01-05,32,0,3,20,2,1,5,3,4,25,1,5,0,0,0,0,0,1,0,0,0,0
2020-01-06,29,0,11,27,8,2,5,6,8,14,5,2,0,0,1,0,0,1,0,0,0,0
2020-01-07,18,0,4,31,1,3,4,4,8,15,1,4,0,1,1,0,0,0,0,0,0,0
2020-01-08,18,0,13,40,2,3,1,4,6,16,7,8,1,0,1,0,0,0,0,0,0,0
2020-01-09,24,0,11,28,2,0,6,2,10,13,1,3,2,0,0,2,0,1,0,0,0,0
2020-01-10,29,0,7,28,4,0,5,0,13,9,3,7,0,3,0,0,0,0,0,0,0,0
2020-01-11,18,0,11,30,5,1,8,5,5,17,5,4,0,1,1,0,0,1,0,0,0,0
2020-01-12,30,0,12,23,3,2,5,7,4,10,3,4,0,1,3,0,0,1,0,0,0,0
2020-01-13,25,0,2,24,3,2,4,7,3,22,0,2,1,0,0,1,0,2,0,0,0,0
2020-01-14,22,0,3,27,5,0,2,4,8,14,0,4,0,0,2,2,0,2,0,0,0,0
2020-01-15,23,0,12,30,4,1,4,3,3,15,5,2,1,1,1,0,0,1,0,0,0,0
2020-01-16,18,0,6,27,1,1,5,5,8,13,3,0,0,1,0,1,0,2,0,0,0,0
2020-01-17,26,0,12,29,7,5,5,5,7,10,2,7,3,0,0,0,0,0,0,0,0,0
2020-01-18,31,0,12,36,6,5,4,7,9,13,1,3,1,1,0,0,0,1,0,0,0,0
2020-01-19,32,0,13,20,6,1,1,6,6,10,3,5,0,1,2,0,0,2,0,0,0,0
2020-01-20,16,0,8,26,1,4,3,5,4,17,1,5,1,0,0,0,0,0,0,0,0,0
2020-01-21,19,0,8,28,10,3,2,4,11,15,3,4,0,1,1,0,0,2,0,0,0,0
2020-01-22,19,0,9,32,4,3,1,2,7,15,2,7,0,0,2,1,0,2,0,0,0,0
2020-01-23,22,0,5,20,4,2,3,4,9,10,1,8,0,0,0,0,0,0,0,0,0,0
2020-01-24,22,0,9,33,1,3,6,2,10,12,1,3,0,0,1,1,0,2,0,0,0,0
2020-01-25,32,0,6,22,3,6,3,3,8,15,4,5,1,0,1,0,0,1,0,0,0,0
2020-01-26,22,0,10,30,9,3,3,5,8,18,4,4,1,1,1,1,0,0,0,0,0,0
2020-01-27,22,0,6,35,4,4,3,6,14,15,1,4,1,0,1,1,0,0,0,0,0,0
2020-01-28,23,0,7,24,2,1,2,6,14,16,4,4,0,0,0,2,0,0,0,0,0,0
2020-01-29,23,0,9,19,3,0,4,7,7,18,3,2,1,1,2,2,0,0,0,0,0,0
2020-01-30,24,0,6,36,7,1,0,2,6,14,0,5,0,0,0,2,0,0,0,0,0,0
2020-01-31,27,0,7,28,3,1,0,3,5,24,3,8,1,1,0,0,0,0,0,0,0,0
2020-02-01,24,0,5,22,4,1,4,3,14,8,4,5,0,0,2,0,0,1,0,0,0,0
2020-02-02,21,0,2,15,1,3,4,7,10,6,5,2,0,0,0,0,0,0,0,0,0,0
2020-02-03,22,0,9,29,7,2,2,6,8,8,3,5,0,0,1,1,0,2,0,0,0,0
2020-02-04,23,0,5,28,1,2,7,2,6,18,0,4,0,1,0,0,0,0,0,0,0,0
2020-02-05,21,0,10,25,2,1,5,5,8,12,2,5,0,1,3,2,0,0,0,0,0,0
2020-02-06,26,0,9,23,5,1,6,1,7,12,6,3,0,1,2,0,0,0,0,0,0,0
2020-02-07,30,0,7,25,5,1,6,13,10,13,3,3,0,2,1,0,0,0,0,0,0,0
2020-02-08,14,0,11,25,4,2,6,2,3,12,3,5,0,0,0,0,0,0,0,0,0,0
2020-02-09,23,0,9,19,4,7,5,5,10,18,3,6,0,0,0,0,0,1,0,0,0,0
2020-02-10,17,0,5,33,4,2,1,4,10,13,0,0,2,0,2,0,0,0,0,0,0,0
2020-02-11,26,0,4,20,2,0,2,2,17,9,3,2,0,1,0,1,0,2,0,0,0,0
2020-02-12,21,0,10,23,4,4,7,4,4,10,6,5,0,1,0,0,0,0,0,0,0,0
2020-02-13,25,0,9,31,2,6,3,3,11,11,4,5,0,0,1,3,0,0,0,0,0,0
2020-02-14,18,0,5,30,2,0,4,4,11,12,3,4,0,0,1,2,0,0,0,0,0,0
2020-02-15,18,0,17,27,6,2,4,5,8,12,3,2,0,0,2,0,0,0,0,0,0,0
2020-02-16,29,0,11,33,6,2,4,7,9,16,3,0,1,0,1,0,0,0,0,0,0,0
2020-02-17,28,0,9,25,4,2,3,2,14,7,1,2,1,0,0,1,0,1,0,0,0,0
2020-02-18,22,0,4,27,5,3,2,2,4,14,4,5,2,1,1,1,0,0,0,0,0,0
2020-02-19,24,0,4,30,4,2,3,4,7,13,2,5,0,0,2,0,0,1,0,0,0,0
2020-02-20,25,0,5,31,5,1,7,4,6,18,1,3,0,0,0,1,0,0,0,0,0,0
2020-02-21,29,0,6,28,2,1,1,0,3,12,1,3,2,0,1,0,0,0,0,0,0,0
2020-02-22,26,0,11,20,4,1,2,3,4,18,3,3,0,0,0,0,0,0,0,0,0,0
2020-02-23,17,0,6,25,2,2,0,3,6,13,2,5,1,0,0,2,0,0,0,0,0,0
2020-02-24,19,0,4,20,2,2,5,7,6,11,2,3,1,0,0,0,0,2,0,0,0,0
2020-02-25,26,0,7,21,1,3,5,8,7,7,3,3,3,2,1,1,0,1,0,0,0,0
2020-02-26,14,0,6,33,3,1,2,3,5,15,1,5,1,1,2,1,0,0,0,0,0,0
2020-02-27,21,0,7,24,6,2,5,5,10,7,3,5,0,1,0,0,0,2,0,0,0,0
2020-02-28,21,0,8,29,2,0,7,5,12,10,2,7,1,0,0,1,0,0,0,0,0,0
2020-02-29,29,0,7,21,6,3,4,7,2,13,3,8,0,1,1,0,0,0,1,0,1,0
2020-03-01,19,0,10,26,5,3,2,2,4,14,1,5,0,0,3,1,0,0,0,0,0,0
2020-03-02,19,0,9,24,3,3,4,6,5,11,2,2,1,2,0,0,0,1,0,0,0,0
2020-03-03,29,0,3,24,5,1,1,3,9,13,0,2,0,1,0,4,0,0,0,0,0,0
2020-03-04,22,0,8,33,1,2,6,4,11,21,5,1,0,0,0,0,0,1,0,0,0,0
2020-03-05,25,0,5,30,5,1,5,6,8,17,2,2,1,0,0,1,0,0,0,0,0,0
2020-03-06,22,0,5,32,2,0,2,5,6,20,3,9,0,0,0,0,0,0,0,0,0,0
2020-03-07,26,0,12,21,2,1,5,2,6,8,1,1,1,1,0,1,0,1,0,0,0,0
2020-03-08,18,0,2,30,8,3,6,6,10,15,1,2,0,0,2,1,0,3,0,0,0,0
2020-03-09,26,0,12,17,3,4,2,5,8,13,3,6,1,1,1,1,0,0,0,0,0,0
2020-03-10,21,0,10,27,8,0,4,3,7,21,4,5,1,0,0,0,0,0,0,0,0,0
2020-03-11,21,0,7,21,8,3,4,4,12,15,2,4,1,2,1,0,0,1,0,0,0,0
2020-03-12,18,0,13,22,4,2,3,9,3,11,1,3,0,0,2,0,0,0,1,0,0,0
2020-03-13,20,0,5,35,4,2,4,3,11,17,4,5,0,0,2,0,0,1,0,0,0,0
2020-03-14,22,0,6,27,6,2,2,4,9,8,2,3,2,0,1,0,0,1,0,0,0,0
2020-03-15,19,0,14,19,0,2,3,6,4,8,4,3,0,0,2,0,0,0,0,0,0,0
2020-03-16,22,1,7,17,3,3,3,3,6,12,4,3,1,1,2,0,0,1,0,0,0,0
2020-03-17,24,0,8,32,2,1,4,3,14,12,3,4,1,2,1,0,0,1,0,0,0,0
2020-03-18,27,0,9,28,1,3,5,8,11,11,0,3,0,0,1,0,0,0,0,0,0,0
2020-03-19,24,1,6,29,2,1,2,7,11,12,2,4,3,0,1,3,0,0,0,0,0,0
2020-03-20,26,2,3,21,5,2,4,4,10,20,2,3,2,1,1,1,0,1,0,0,0,0
2020-03-21,24,2,6,30,5,2,4,7,8,12,4,9,0,0,1,1,0,0,0,0,0,0
2020-03-22,26,1,8,24,1,4,3,2,8,16,3,5,2,0,1,1,0,0,0,0,0,0
2020-03-23,21,1,7,29,6,2,4,3,6,9,3,5,1,0,0,1,0,1,0,0,0,0
2020-03-24,30,2,11,23,5,0,4,2,7,12,3,4,1,2,0,0,0,3,0,0,0,0
2020-03-25,27,1,6,20,2,3,5,2,11,16,3,3,0,0,1,0,0,2,0,0,0,0
2020-03-26,32,1,6,25,0,0,3,9,8,14,2,3,0,0,0,1,0,0,0,0,0,0
2020-03-27,25,3,6,24,1,2,2,2,12,21,3,2,0,0,4,0,0,0,0,0,0,0
2020-03-28,17,3,7,32,2,2,1,4,5,15,0,1,0,0,0,1,0,1,0,0,0,0
2020-03-29,23,1,6,36,2,2,5,2,9,6,3,4,4,0,0,0,0,1,0,0,0,0
2020-03-30,30,3,6,24,6,1,2,8,12,18,2,2,1,0,0,0,0,2,0,0,0,0
2020-03-31,16,2,4,26,3,1,4,3,8,14,1,4,0,0,2,2,0,1,0,0,0,0
2020-04-01,30,5,10,35,2,1,2,4,7,12,4,5,0,1,1,1,0,0,0,0,0,0
2020-04-02,21,7,7,23,2,4,1,4,9,16,4,4,0,0,1,1,0,0,0,0,0,0
2020-04-03,21,5,9,27,5,1,3,8,9,20,0,5,0,0,2,2,0,2,0,0,0,0
2020-04-04,26,6,7,17,2,2,3,4,7,26,2,5,2,1,0,1,0,0,0,0,0,0
2020-04-05,30,3,4,26,5,1,5,1,7,16,3,4,0,0,0,1,0,0,0,0,0,0
2020-04-06,23,4,8,32,2,2,2,3,7,15,4,4,1,1,0,1,0,1,0,0,0,0
2020-04-07,28,6,11,36,3,2,4,4,13,7,0,3,0,0,2,1,0,0,0,0,0,0
2020-04-08,29,11,6,25,6,1,1,5,12,8,1,6,1,0,1,4,0,0,0,0,0,0
2020-04-09,29,8,6,21,2,3,3,2,9,12,1,3,0,0,1,0,0,0,0,0,0,0
2020-04-10,30,6,8,14,5,3,3,3,8,16,7,7,0,1,0,2,0,0,0,0,0,0
2020-04-11,26,5,7,23,3,1,2,5,4,16,2,5,0,0,0,0,0,1,0,0,0,0
2020-04-12,30,5,3,26,2,0,4,3,16,15,1,0,0,0,1,0,0,0,0,0,0,0
2020-04-13,31,6,5,20,3,0,3,3,12,8,4,2,1,1,0,0,0,1,0,0,0,0
2020-04-14,22,4,5,29,5,3,3,5,4,15,3,0,0,2,1,1,0,1,0,0,0,0
2020-04-15,28,11,5,26,2,4,1,1,11,10,2,5,0,0,0,2,0,4,0,0,0,0
2020-04-16,17,2,6,24,2,1,1,6,10,19,4,3,2,1,0,2,0,0,0,0,0,0
2020-04-17,28,6,3,22,3,2,4,10,7,13,2,5,1,0,2,0,0,0,0,0,0,0
2020-04-18,29,8,5,21,1,4,6,7,8,15,2,6,2,0,1,0,0,1,0,0,0,0
2020-04-19,24,10,12,30,2,2,4,5,7,16,1,3,0,0,0,0,0,0,0,0,0,0
2020-04-20,29,7,9,28,2,1,0,4,9,15,3,3,0,0,0,1,0,0,0,0,0,0
2020-04-21,38,10,2,38,3,1,5,1,13,11,0,5,0,0,0,2,0,1,0,0,0,0
2020-04-22,21,9,8,21,2,3,1,4,11,14,0,4,1,0,0,0,0,0,0,0,0,0
2020-04-23,22,9,4,32,3,2,0,4,9,15,3,5,0,2,1,0,0,0,0,0,0,0
2020-04-24,27,9,12,36,2,2,6,5,6,12,2,1,0,0,0,0,0,3,0,0,0,0
2020-04-25,28,8,8,23,6,1,1,2,8,16,1,2,1,1,1,0,0,0,0,0,0,0
2020-04-26,14,9,10,30,4,3,9,6,7,11,0,6,0,1,0,0,0,0,0,0,0,0
2020-04-27,33,16,6,36,1,4,3,6,5,19,1,4,1,0,0,0,0,0,0,0,0,0
2020-04-28,21,10,7,24,2,2,10,2,6,8,2,5,0,0,0,0,0,1,0,0,0,0
2020-04-29,22,7,5,22,2,0,2,6,9,8,2,2,0,0,0,0,0,0,0,0,0,0
2020-04-30,28,9,6,33,2,0,6,6,4,10,3,2,0,0,3,0,0,1,0,0,0,0
2020-05-01,26,12,8,30,1,1,8,5,5,6,3,4,1,0,1,0,0,1,1,0,0,0
2020-05-02,35,15,6,23,3,0,3,1,10,5,1,5,0,1,0,0,0,0,0,0,0,0
2020-05-03,29,18,7,24,2,4,3,5,6,6,3,2,2,0,2,1,0,0,0,0,0,0
2020-05-04,35,15,12,27,0,5,5,6,7,13,3,5,1,0,0,0,0,1,0,0,0,0
2020-05-05,35,13,10,34,3,3,4,5,6,11,4,5,1,0,1,0,0,0,0,0,0,0
2020-05-06,29,21,8,27,2,3,2,2,7,19,4,6,0,0,1,0,1,0,1,0,0,0
2020-05-07,32,29,13,40,2,3,2,3,11,9,3,6,1,0,0,1,0,0,0,0,0,0
2020-05-08,24,25,6,28,4,2,4,2,14,8,7,5,0,1,0,0,0,0,0,0,0,0
2020-05-09,27,39,7,30,9,4,2,5,9,7,1,5,3,0,0,0,0,1,0,0,0,0
2020-05-10,23,32,8,27,3,2,2,7,8,21,2,1,1,1,0,0,0,1,0,0,0,0
2020-05-11,19,25,7,25,4,2,5,7,9,11,0,7,0,1,0,0,0,1,0,0,0,0
2020-05-12,29,35,5,30,5,2,3,3,7,10,2,6,2,0,1,0,0,1,0,0,0,0
2020-05-13,26,48,7,32,0,3,10,6,12,9,1,1,0,0,3,0,0,1,0,0,0,0
2020-05-14,34,51,6,26,3,4,5,5,13,18,2,1,0,0,1,0,0,0,0,0,0,0
2020-05-15,30,43,12,26,3,1,7,9,12,10,1,6,1,1,0,0,0,0,0,0,0,0
2020-05-16,29,67,6,21,2,2,10,9,12,17,0,5,0,0,0,0,0,0,0,0,0,0
2020-05-17,35,64,9,37,2,2,1,3,5,18,3,0,2,1,0,0,0,0,0,0,0,0
2020-05-18,32,82,5,19,3,4,5,5,10,9,0,4,0,1,4,0,0,1,0,0,0,0
2020-05-19,36,79,7,28,2,3,9,6,10,14,1,7,0,1,1,0,0,1,0,0,0,0
2020-05-20,36,88,7,29,4,2,2,5,6,19,1,5,3,1,0,1,0,0,1,0,0,0
2020-05-21,45,94,7,27,3,5,7,7,4,12,3,5,0,0,0,0,0,2,0,0,0,0
2020-05-22,36,96,5,27,3,4,5,8,4,16,2,4,2,1,4,2,0,2,0,0,0,0
2020-05-23,31,124,12,22,4,7,7,9,6,20,3,4,0,0,0,1,0,2,0,0,0,0
2020-05-24,37,146,8,30,4,1,8,7,14,17,1,2,1,0,1,1,0,1,0,0,0,0
2020-05-25,43,127,9,26,8,7,6,10,12,11,2,5,0,0,0,0,0,0,0,0,0,0
2020-05-26,41,146,10,26,4,3,6,8,4,17,1,4,0,0,1,0,0,1,0,0,0,0
2020-05-27,29,163,13,22,3,2,16,9,13,25,1,4,1,0,0,1,0,0,0,0,0,0
2020-05-28,29,147,6,32,4,6,2,4,7,16,2,4,0,0,1,0,0,2,0,0,0,0
2020-05-29,47,156,9,30,4,3,6,6,7,17,0,7,0,1,1,2,0,0,0,0,0,0
2020-05-30,35,170,8,22,3,2,12,8,4,16,3,3,1,1,0,1,0,1,0,0,0,0
2020-05-31,46,165,8,24,1,4,6,7,8,7,3,2,0,0,2,1,0,0,0,0,0,0
2020-06-01,48,191,3,22,3,4,10,10,11,23,5,5,1,0,1,1,0,0,0,0,0,0
2020-06-02,36,178,10,33,5,1,8,5,3,24,1,5,1,2,2,0,0,1,0,0,0,0
2020-06-03,37,202,8,28,3,2,10,6,6,12,3,7,0,0,4,0,0,0,0,0,0,0
2020-06-04,37,178,9,25,5,4,5,11,10,12,6,5,0,1,0,0,0,0,0,0,0,0
2020-06-05,46,194,5,23,5,4,6,5,9,12,1,3,1,1,1,0,0,1,0,0,0,0
2020-06-06,44,215,5,27,3,2,9,11,8,16,2,7,0,2,3,1,0,1,0,0,0,0
2020-06-07,56,198,8,21,4,1,5,12,5,14,1,1,2,0,1,0,0,0,0,0,0,0
2020-06-08,38,187,6,21,3,1,7,6,6,9,6,6,0,2,1,0,0,0,0,0,0,0
2020-06-09,41,224,5,24,1,3,14,14,3,18,1,10,1,1,0,1,0,1,0,0,0,0
2020-06-10,39,208,9,26,5,4,9,8,6,19,1,2,2,1,1,0,0,1,0,0,0,0
2020-06-11,44,211,11,24,6,6,7,10,6,16,2,2,0,0,1,0,0,0,0,0,0,0
2020-06-12,48,184,6,24,3,3,7,9,8,15,3,9,0,0,1,0,0,0,0,0,0,0
2020-06-13,44,217,5,24,4,2,6,11,5,8,0,4,0,0,2,1,0,0,0,0,0,0
2020-06-14,43,182,3,27,2,5,11,8,11,20,4,6,2,0,3,0,0,0,0,0,0,0
2020-06-15,36,219,3,23,6,7,5,2,7,13,3,3,0,0,1,1,0,0,1,0,0,0
2020-06-16,41,207,7,26,9,1,5,11,8,14,1,9,0,0,1,1,0,1,0,0,0,0
2020-06-17,44,200,5,21,3,4,8,10,7,16,1,4,0,0,2,0,0,2,0,0,0,0
2020-06-18,39,151,10,14,7,2,3,12,10,11,0,7,0,0,0,1,0,1,0,0,0,0
2020-06-19,29,191,7,19,3,4,5,6,10,20,0,9,1,1,0,0,0,0,0,0,0,0
2020-06-20,30,157,7,21,6,2,1,11,4,12,0,3,1,1,1,0,0,0,0,0,0,0
2020-06-21,36,154,5,21,2,6,7,7,8,11,3,3,0,0,1,0,0,1,0,0,0,0
2020-06-22,37,152,4,16,3,3,7,6,11,7,1,2,0,2,0,0,0,0,0,0,0,0
2020-06-23,32,150,8,24,6,4,5,14,11,14,2,2,0,2,0,1,0,1,0,0,0,0
2020-06-24,39,142,7,17,5,1,3,7,5,17,2,3,1,0,0,0,0,1,0,0,0,0
2020-06-25,44,139,4,27,3,3,6,6,10,5,0,3,0,1,0,0,0,0,0,0,0,0
2020-06-26,33,128,6,36,1,4,8,5,7,13,0,4,0,1,0,2,0,1,0,0,0,0
2020-06-27,34,125,6,19,3,2,10,3,5,7,2,4,0,2,2,1,0,0,0,0,0,0
2020-06-28,38,134,9,22,6,0,1,8,2,13,0,9,4,1,0,0,0,0,0,0,0,0
2020-06-29,29,101,4,19,4,2,8,4,5,11,1,1,0,2,1,1,0,2,0,0,0,0
2020-06-30,30,115,4,15,3,3,1,4,2,7,1,3,1,0,0,0,0,0,0,0,0,0
2020-07-01,22,81,1,16,3,1,3,1,2,5,1,2,1,1,0,1,0,1,0,0,0,0
2020-07-02,4,16,0,4,3,1,1,2,1,5,0,0,0,0,1,0,0,0,0,0,0,0
