Región,Comuna,CUT,"ELECCIÓN PRESIDENCIAL 2021, PRIMERA VUELTA",,,,,,,,,,,,,,"ELECCIÓN PRESIDENCIAL 2021, SEGUNDA VUELTA",,,,,,,,PRIMARIAS PRESIDENCIALES 2021,,,,,,,,,,,,,,,PLEBISCITO 2020,,,,PLEBISCITO 1988,,,
,,,Mesas escrutadas,Mesas totales,Padrón,Boric,Kast,Provoste,Sichel,Artés,MEO,Parisi,Válidos,Nulos,En blanco,Total,Mesas escrutadas,Mesas totales,Boric,Kast,Válidos,Nulos,En blanco,Total,Mesas instaladas,Mesas totales,Padrón,ChV,Lavín,Briones,Sichel,Desbordes,AD,Boric,Jadue,Válidos,Nulos,En blanco,Total,Apruebo,Rechazo,Nulos,En blanco,Sí,No,Nulos y en blanco,Notas
5,Algarrobo,5602,43,43,14.805,1.978,2.877,817,1.352,90,472,568,8.154,43,20,8.217,43,43,4.580,5.096,9.676,61,23,9.760,21,21,14.100,2.044,739,206,891,208,1.917,1.299,618,3.961,34,1,3.996,4.932,2.118,23,13,2.159,1.172,80,
13,Alhué,13502,21,21,6.118,636,467,520,320,31,151,357,2.482,19,16,2.517,21,21,1.952,1.092,3.044,9,9,3.062,11,11,6.045,293,80,23,165,25,494,268,226,787,10,2,799,2.323,309,7,1,1.077,1.079,67,
8,Alto Biobío,8314,19,19,5.583,377,502,399,155,40,119,255,1.847,81,80,2.008,19,19,1.283,1.069,2.352,48,20,2.420,10,10,5.463,201,133,20,33,15,159,82,77,360,16,4,380,1.269,424,69,43,,,,
3,Alto del Carmen,3302,18,18,5.148,260,265,891,87,11,56,365,1.935,15,14,1.964,18,18,1.236,701,1.937,23,5,1.965,10,10,5.070,143,59,12,53,19,235,122,113,378,10,6,394,1.559,241,9,8,1.609,793,96,
1,Alto Hospicio,1107,179,179,60.343,3.183,5.860,2.212,1.212,263,1.712,9.884,24.326,173,70,24.569,179,179,11.971,11.897,23.868,279,64,24.211,60,60,56.796,2.572,727,165,1.377,303,3.627,2.059,1.568,6.199,137,19,6.355,21.589,4.534,98,37,,,,
10,Ancud,10202,120,120,38.912,3.793,4.372,2.350,1.826,230,938,2.120,15.629,123,131,15.883,120,120,10.412,8.225,18.637,118,48,18.803,40,40,38.241,1.738,525,98,861,254,2.610,1.400,1.210,4.348,73,11,4.432,11.694,2.565,70,31,8.284,9.758,390,
4,Andacollo,4103,35,35,11.278,1.181,661,797,307,64,408,1.172,4.590,61,49,4.700,35,35,4.274,1.480,5.754,61,18,5.833,18,18,11.120,372,148,35,158,31,881,416,465,1.253,20,9,1.282,5.450,582,26,13,3.692,3.269,301,
9,Angol,9201,140,140,46.976,2.805,9.972,2.197,2.014,153,940,3.070,21.151,177,110,21.438,140,140,7.931,16.634,24.565,182,61,24.808,47,47,46.117,4.131,1.325,276,2.057,473,2.660,1.898,762,6.791,83,22,6.896,12.017,7.349,97,57,13.318,10.375,564,
12,Antártica,12202,1,1,233,4,34,1,2,0,2,4,47,0,0,47,1,1,7,26,33,0,0,33,1,1,246,27,7,3,7,10,6,4,2,33,1,0,34,10,21,0,0,51,2,0,
2,Antofagasta,2101,854,854,289.086,28.156,27.264,10.143,9.976,1.635,8.870,36.236,122.280,959,383,123.622,854,854,80.841,53.190,134.031,1.581,390,136.002,285,285,281.166,15.816,4.815,1.583,7.659,1.759,29.665,18.432,11.233,45.481,731,93,46.305,119.986,23.533,430,130,44.504,71.109,3.331,
8,Antuco,8302,15,15,4.687,245,547,332,210,17,91,400,1.842,27,11,1.880,15,15,982,1.188,2.170,28,7,2.205,8,8,4.598,294,69,16,163,46,199,128,71,493,8,2,503,1.341,431,17,4,1.085,1.537,86,
8,Arauco,8202,118,118,31.244,2.203,4.983,1.687,1.138,123,862,3.366,14.362,143,100,14.605,118,118,7.429,9.296,16.725,171,51,16.947,35,35,30.724,2.250,763,201,986,300,2.421,1.652,769,4.671,97,22,4.790,10.377,3.986,60,44,5.821,7.722,370,
15,Arica,15101,559,559,180.736,14.763,24.070,7.921,6.020,952,4.536,23.034,81.296,712,295,82.303,559,559,43.245,41.528,84.773,807,244,85.824,179,179,173.158,12.189,4.347,847,5.334,1.661,14.911,8.484,6.427,27.100,505,77,27.682,64.022,19.716,421,167,36.078,51.431,3.049,
11,Aysén,11201,70,70,22.646,2.188,2.314,1.402,716,126,551,1.664,8.961,102,86,9.149,70,70,6.412,3.925,10.337,69,38,10.444,24,24,21.761,1.048,283,65,504,196,1.628,923,705,2.676,40,9,2.725,7.223,1.698,42,21,3.402,4.690,184,
13,Buin,13402,253,253,78.010,10.500,11.636,3.809,4.609,513,3.199,5.237,39.503,481,132,40.116,253,253,26.268,20.392,46.660,358,105,47.123,85,85,75.070,7.412,2.181,664,3.900,667,9.787,6.230,3.557,17.199,275,22,17.496,33.238,7.166,124,59,14.148,12.753,643,
16,Bulnes,16102,67,67,20.644,1.265,3.045,1.455,1.273,79,458,965,8.540,104,78,8.722,67,67,4.313,6.185,10.498,69,27,10.594,23,23,19.999,1.686,506,109,925,146,1.078,742,336,2.764,42,9,2.815,5.574,2.163,44,22,6.759,4.906,340,
5,Cabildo,5402,53,53,18.033,2.322,1.427,1.258,663,101,680,1.308,7.759,76,42,7.877,53,53,6.590,3.071,9.661,71,24,9.756,18,18,17.782,701,220,49,372,60,1.780,844,936,2.481,31,8,2.520,7.948,1.100,35,16,3.178,6.015,287,
12,Cabo de Hornos,12201,6,6,1.862,189,421,74,63,10,28,82,867,6,5,878,6,6,272,495,767,1,0,768,2,2,1.852,165,51,9,64,41,118,78,40,283,6,1,290,375,269,1,0,756,127,16,
8,Cabrero,8303,74,74,25.305,1.309,3.698,1.279,942,88,677,2.771,10.764,93,98,10.955,74,74,4.768,7.829,12.597,102,38,12.737,25,25,24.737,1.524,552,93,698,181,1.165,824,341,2.689,40,10,2.739,6.858,3.118,44,24,5.031,6.095,273,
2,Calama,2201,393,393,131.956,8.984,11.642,4.912,3.589,606,3.949,23.532,57.214,521,189,57.924,392,393,30.784,25.616,56.400,871,178,57.449,131,131,129.970,6.559,2.306,597,2.845,811,10.333,6.382,3.951,16.892,397,39,17.328,52.057,10.280,355,91,24.432,39.035,2.225,
10,Calbuco,10102,97,97,32.505,2.162,3.387,1.432,1.106,154,710,2.188,11.139,139,168,11.446,97,97,6.452,7.332,13.784,107,55,13.946,34,34,32.052,1.314,498,108,535,173,1.638,931,707,2.952,45,16,3.013,8.728,2.389,97,68,8.413,4.524,516,
3,Caldera,3102,45,45,15.266,1.516,1.263,1.680,440,140,458,1.741,7.238,50,38,7.326,45,45,5.485,2.494,7.979,67,20,8.066,15,15,14.609,740,239,60,372,69,1.499,690,809,2.239,32,7,2.278,6.812,1.127,34,12,2.219,2.565,146,
5,Calera,5502,132,132,44.870,5.607,4.012,2.027,2.066,276,2.443,4.967,21.398,201,75,21.674,132,132,16.264,8.347,24.611,194,56,24.861,44,44,44.365,2.862,687,189,1.621,365,5.092,2.832,2.260,7.954,121,12,8.087,20.625,3.361,94,45,8.274,16.626,610,
13,Calera de Tango,13403,67,67,22.524,2.586,3.596,1.067,1.693,115,693,754,10.504,59,40,10.603,67,67,7.141,7.135,14.276,107,45,14.428,34,34,22.134,3.090,939,370,1.572,209,2.902,2.026,876,5.992,88,13,6.093,9.352,3.340,41,17,3.431,2.709,113,
5,Calle Larga,5302,34,34,11.602,1.304,1.365,942,736,91,620,1.243,6.301,98,40,6.439,34,34,4.309,2.525,6.834,62,18,6.914,17,17,11.248,826,207,71,463,85,1.067,687,380,1.893,30,4,1.927,5.607,955,37,10,2.352,3.081,132,
15,Camarones,15102,11,11,3.196,111,252,195,57,6,53,375,1.049,14,4,1.067,11,11,430,444,874,7,4,885,6,6,3.075,61,25,9,15,12,66,32,34,127,1,1,129,756,159,2,2,384,67,32,
1,Camiña,1402,8,8,2.639,60,384,47,31,3,16,328,869,7,7,883,8,8,151,706,857,9,0,866,4,4,2.635,97,71,3,10,13,24,20,4,121,1,1,123,293,207,11,2,519,191,17,
4,Canela,4202,30,30,9.203,1.161,663,851,294,46,134,679,3.828,39,36,3.903,30,30,3.325,1.497,4.822,20,21,4.863,14,14,8.956,335,118,16,164,37,815,294,521,1.150,10,15,1.175,3.320,433,16,12,1.883,3.666,189,
8,Cañete,8203,87,87,29.725,1.742,6.296,1.457,894,157,571,1.361,12.478,122,101,12.701,87,87,5.419,10.112,15.531,125,41,15.697,29,29,29.012,2.370,875,129,885,481,1.702,1.038,664,4.072,56,15,4.143,7.038,3.405,50,30,6.669,6.096,318,
9,Carahue,9102,78,78,24.663,1.226,3.976,1.748,956,113,497,944,9.460,90,84,9.634,78,78,4.430,7.167,11.597,82,39,11.718,26,26,24.376,1.565,600,91,715,159,854,482,372,2.419,27,4,2.450,4.978,2.220,39,25,6.558,6.844,393,
5,Cartagena,5603,55,55,18.730,2.188,2.321,1.173,971,158,1.040,877,8.728,68,37,8.833,55,55,6.229,4.395,10.624,75,23,10.722,19,19,17.994,1.306,501,67,590,148,1.896,921,975,3.202,37,5,3.244,7.346,1.700,18,11,3.434,3.202,191,
5,Casablanca,5102,67,67,22.793,2.850,3.330,1.254,1.386,151,768,1.081,10.820,106,44,10.970,67,67,7.086,6.019,13.105,102,31,13.238,22,22,21.995,1.908,480,150,1.056,222,2.262,1.424,838,4.170,48,5,4.223,9.148,2.292,52,16,5.174,4.093,331,
10,Castro,10201,135,135,41.866,4.868,4.442,2.414,1.868,320,954,2.733,17.599,149,123,17.871,135,135,12.308,8.276,20.584,171,65,20.820,45,45,40.768,2.319,747,153,1.173,246,4.381,2.666,1.715,6.700,86,23,6.809,13.750,2.830,44,36,7.361,8.060,413,
5,Catemu,5702,36,36,12.173,1.220,990,663,591,47,483,1.142,5.136,62,39,5.237,36,36,4.026,2.265,6.291,49,12,6.352,12,12,12.015,662,146,58,389,69,946,524,422,1.608,25,4,1.637,5.199,711,46,9,2.457,3.424,179,
7,Cauquenes,7201,120,120,37.684,1.999,7.099,1.967,2.374,113,762,1.311,15.625,182,127,15.934,120,120,6.217,13.299,19.516,123,40,19.679,41,41,37.087,3.024,1.110,173,1.342,399,1.699,1.180,519,4.723,61,15,4.799,8.227,4.697,75,61,16.431,9.060,558,
13,Cerrillos,13102,205,205,66.557,9.613,7.195,2.983,3.802,597,3.530,2.993,30.713,227,84,31.024,205,205,24.001,13.818,37.819,255,72,38.146,69,69,65.613,5.538,1.684,394,2.724,736,9.810,5.611,4.199,15.348,200,27,15.575,31.192,5.972,120,34,16.326,26.145,888,
13,Cerro Navia,13103,350,350,113.693,15.350,8.802,5.813,4.615,1.471,7.016,5.398,48.465,360,222,49.047,350,350,42.581,18.051,60.632,358,128,61.118,117,117,111.970,7.264,2.401,492,3.412,959,15.122,6.788,8.334,22.386,367,60,22.813,55.886,7.818,260,119,26.675,53.079,1.923,
10,Chaitén,10401,17,17,5.094,291,555,304,149,11,69,126,1.505,13,32,1.550,17,17,883,1.087,1.970,15,10,1.995,7,7,5.026,180,80,10,68,22,221,141,80,401,2,4,407,964,387,7,5,2.167,1.187,88,
7,Chanco,7202,34,34,9.369,462,1.719,583,391,16,140,235,3.546,63,45,3.654,34,34,1.584,3.515,5.099,41,15,5.155,16,16,9.328,684,243,58,248,135,409,283,126,1.093,20,3,1.116,1.765,1.095,21,18,3.086,2.337,117,
3,Chañaral,3201,38,38,11.980,1.053,702,1.273,278,51,263,1.249,4.869,45,20,4.934,38,38,4.004,1.446,5.450,38,15,5.503,13,13,11.523,389,177,39,134,39,812,332,480,1.201,20,3,1.224,5.185,544,17,14,2.973,4.047,193,
6,Chépica,6302,41,41,13.827,925,1.559,841,853,34,338,586,5.136,34,25,5.195,41,41,3.374,3.520,6.894,42,13,6.949,14,14,13.512,937,226,65,552,94,652,455,197,1.589,19,3,1.611,3.774,1.119,17,5,3.567,3.692,169,
8,Chiguayante,8103,200,200,68.015,8.106,9.097,3.892,4.085,491,2.774,5.924,34.369,228,100,34.697,200,200,23.040,17.892,40.932,381,111,41.424,67,67,65.353,6.410,1.701,631,3.450,628,7.919,5.324,2.595,14.329,223,20,14.572,29.875,8.239,148,50,,,,
11,Chile Chico,11401,20,20,6.423,601,488,332,173,26,86,184,1.890,29,22,1.941,20,20,1.421,838,2.259,31,7,2.297,7,7,6.238,238,82,11,114,31,360,207,153,598,12,4,614,1.397,279,5,4,1.234,1.087,30,
16,Chillán,16101,453,453,153.992,14.744,24.291,9.010,9.420,703,3.914,9.348,71.430,657,242,72.329,453,453,40.277,45.331,85.608,684,192,86.484,151,151,149.927,15.735,4.967,1.038,8.267,1.463,14.194,9.691,4.503,29.929,375,56,30.360,54.338,21.151,279,124,37.708,46.565,1.819,Incluye Chillán Viejo
16,Chillán Viejo,16103,68,68,22.712,1.894,3.694,1.546,1.308,101,822,1.728,11.093,97,39,11.229,68,68,6.085,7.189,13.274,96,25,13.395,23,23,21.800,2.246,781,120,1.089,256,1.912,1.227,685,4.158,65,14,4.237,8.077,3.142,35,20,,,,
6,Chimbarongo,6303,90,90,30.692,2.540,3.465,1.980,1.797,122,980,2.337,13.221,143,119,13.483,90,90,8.654,7.024,15.678,86,43,15.807,30,30,29.835,1.946,531,112,1.145,158,1.849,1.191,658,3.795,51,6,3.852,11.218,2.498,64,22,7.533,8.168,345,
9,Cholchol,9121,33,33,11.149,789,1.820,780,549,86,355,822,5.201,129,66,5.396,33,33,2.690,3.332,6.022,73,18,6.113,17,17,10.918,652,251,33,282,86,513,271,242,1.165,14,3,1.182,2.951,1.197,51,19,,,,
10,Chonchi,10203,40,40,13.357,1.209,1.194,975,498,96,280,1.001,5.253,47,46,5.346,40,40,3.964,2.386,6.350,46,26,6.422,14,14,13.110,552,196,46,246,64,952,560,392,1.504,26,5,1.535,3.081,525,17,15,2.862,2.312,130,
11,Cisnes,11202,18,18,4.642,409,764,283,210,23,118,264,2.071,17,27,2.115,18,18,1.183,1.245,2.428,9,7,2.444,9,9,4.493,433,104,30,142,157,323,197,126,756,9,4,769,1.206,525,4,5,1.172,603,61,
16,Cobquecura,16202,19,19,5.904,460,805,450,414,23,124,266,2.542,35,29,2.606,19,19,1.483,1.956,3.439,25,12,3.476,9,9,5.821,441,210,25,177,29,392,255,137,833,5,2,840,1.595,459,10,11,2.409,935,93,
10,Cochamó,10103,16,16,4.636,284,646,181,197,19,69,148,1.544,13,32,1.589,16,16,690,1.225,1.915,18,16,1.949,6,6,4.618,216,85,32,64,35,161,83,78,377,5,2,384,754,384,6,15,1.936,393,70,
11,Cochrane,11301,13,13,3.384,357,428,264,176,12,49,101,1.387,24,29,1.440,13,13,843,791,1.634,15,10,1.659,6,6,3.264,239,115,24,44,56,217,123,94,456,5,1,462,892,282,5,2,855,505,24,
6,Codegua,6102,35,35,11.661,1.327,1.175,642,578,58,522,1.008,5.310,64,35,5.409,35,35,3.986,2.447,6.433,49,13,6.495,18,18,11.476,767,231,59,421,56,1.008,562,446,1.775,22,5,1.802,5.034,871,21,6,2.364,2.540,95,
16,Coelemu,16203,57,57,15.372,1.077,2.711,1.417,784,50,405,1.142,7.586,69,84,7.739,57,57,3.733,5.184,8.917,57,14,8.988,27,27,15.091,1.250,472,76,567,135,923,637,286,2.173,32,11,2.216,4.538,2.203,28,21,4.500,4.987,260,
16,Coihueco,16302,73,73,22.439,1.024,4.445,1.420,1.220,87,464,997,9.657,88,90,9.835,73,73,3.446,8.655,12.101,247,31,12.379,25,25,21.918,2.080,610,143,1.182,145,835,567,268,2.915,42,5,2.962,4.420,2.737,47,25,7.346,3.699,260,
6,Coinco,6103,22,22,7.305,769,946,344,475,24,291,422,3.271,37,23,3.331,22,22,2.153,1.932,4.085,25,10,4.120,11,11,7.155,608,149,32,387,40,613,451,162,1.221,13,2,1.236,2.616,701,22,7,1.714,1.792,104,
7,Colbún,7402,55,55,18.716,1.512,2.140,1.198,834,76,674,1.132,7.566,94,79,7.739,55,55,4.973,4.196,9.169,52,35,9.256,27,27,18.207,908,292,77,428,111,1.105,648,457,2.013,27,2,2.042,5.375,1.504,27,18,4.591,4.667,164,
1,Colchane,1403,14,14,3.217,17,419,18,10,4,5,433,906,8,1,915,14,14,52,928,980,3,1,984,2,6,3.211,21,10,1,4,6,0,0,0,21,0,0,21,131,374,16,3,554,125,42,
13,Colina,13301,278,278,94.052,7.968,18.091,3.522,9.621,385,3.011,3.995,46.593,297,177,47.067,278,278,22.453,32.583,55.036,509,198,55.743,92,92,91.179,16.082,4.335,2.197,8.085,1.465,9.078,6.040,3.038,25.160,316,36,25.512,32.524,16.625,204,99,13.609,9.471,559,
9,Collipulli,9202,67,67,22.172,1.119,4.949,923,676,89,486,1.170,9.412,105,107,9.624,67,67,3.571,7.623,11.194,78,39,11.311,23,23,21.831,1.794,612,86,861,235,1.064,703,361,2.858,24,16,2.898,5.159,3.075,65,41,5.886,6.335,374,
6,Coltauco,6104,48,48,16.381,1.526,1.880,974,943,74,582,1.139,7.118,59,39,7.216,48,48,4.844,3.829,8.673,60,23,8.756,24,24,15.969,1.376,360,89,818,109,1.088,714,374,2.464,44,6,2.514,6.155,1.340,34,16,3.111,4.503,216,
4,Combarbalá,4302,39,39,12.522,1.212,885,1.270,377,67,211,946,4.968,56,58,5.082,39,39,3.876,1.898,5.774,40,14,5.828,13,13,12.279,422,149,31,172,70,751,394,357,1.173,14,7,1.194,4.428,604,17,15,3.627,3.439,270,
8,Concepción,8101,637,637,200.269,24.338,30.048,11.041,12.723,1.428,5.752,12.689,98.019,666,313,98.998,637,637,60.675,55.596,116.271,1.052,336,117.659,206,206,195.705,20.283,6.408,1.909,10.027,1.939,24.560,16.650,7.910,44.843,545,71,45.459,77.106,27.032,336,105,64.375,113.282,3.763,Incluye Chiguayante y San Pedro de la Paz
13,Conchalí,13104,387,387,116.290,17.619,10.987,5.973,6.007,1.146,6.538,4.786,53.056,410,194,53.660,387,387,43.297,21.464,64.761,445,144,65.350,127,127,115.269,9.137,3.087,615,4.418,1.017,18.826,9.286,9.540,27.963,454,48,28.465,56.395,9.017,204,90,35.839,62.166,2.172,
5,Concón,5103,119,119,40.829,5.100,9.357,2.029,4.702,222,1.251,2.128,24.789,138,76,25.003,119,119,12.555,15.012,27.567,304,131,28.002,60,60,39.648,8.392,2.193,1.122,4.479,598,5.451,3.797,1.654,13.843,136,27,14.006,15.705,8.573,74,32,,,,
7,Constitución,7102,122,122,40.149,2.927,4.479,2.754,2.062,188,1.188,3.860,17.458,180,129,17.767,122,122,10.774,10.056,20.830,214,65,21.109,42,42,39.664,3.199,952,246,1.656,345,3.336,2.114,1.222,6.535,114,35,6.684,14.300,3.888,81,38,7.607,12.048,514,
8,Contulmo,8204,23,23,6.114,330,1.557,306,138,26,139,215,2.711,23,21,2.755,23,23,1.059,2.390,3.449,20,7,3.476,10,10,5.994,467,180,24,198,65,323,220,103,790,16,1,807,1.149,933,9,3,3.192,1.706,119,
3,Copiapó,3101,417,417,124.441,11.766,11.839,10.373,4.341,786,3.225,13.573,55.903,377,160,56.440,417,417,38.215,23.695,61.910,521,153,62.584,135,135,120.058,6.808,2.129,575,3.500,604,11.591,6.492,5.099,18.399,374,48,18.821,51.149,9.660,230,64,20.886,25.148,1.394,
4,Coquimbo,4102,502,502,171.212,18.946,15.849,7.919,7.474,1.052,5.792,14.960,71.992,554,315,72.861,502,502,53.671,31.884,85.555,769,255,86.579,167,167,166.105,10.455,2.967,835,5.763,890,17.649,10.588,7.061,28.104,531,69,28.704,69.539,12.615,274,102,23.591,28.684,1.540,
8,Coronel,8102,339,339,90.394,8.251,11.597,4.777,2.766,496,3.193,10.237,41.317,431,173,41.921,339,339,26.674,22.142,48.816,472,108,49.396,91,91,88.149,5.264,1.582,322,2.422,938,8.241,5.087,3.154,13.505,289,41,13.835,33.464,10.530,201,91,11.893,28.856,913,
14,Corral,14102,18,18,5.546,578,556,519,148,22,134,310,2.267,19,24,2.310,18,18,1.844,1.000,2.844,13,6,2.863,10,10,5.359,266,89,22,128,27,416,231,185,682,11,2,695,1.991,370,13,5,1.299,1.542,56,
11,Coyhaique,11101,167,167,54.221,5.787,6.756,3.845,2.350,284,1.090,2.692,22.804,210,124,23.138,167,167,14.430,11.650,26.080,199,82,26.361,58,58,51.897,3.603,1.016,293,1.710,584,4.693,2.961,1.732,8.296,120,23,8.439,17.165,5.243,61,43,10.376,11.508,457,
9,Cunco,9103,62,62,20.105,1.091,3.389,1.167,779,57,412,961,7.856,77,53,7.986,62,62,3.407,5.833,9.240,65,13,9.318,20,20,19.773,1.405,497,125,611,172,880,576,304,2.285,25,5,2.315,4.090,1.914,47,31,5.690,3.731,164,
9,Curacautín,9203,63,63,21.097,996,4.160,840,603,59,353,657,7.668,82,62,7.812,63,63,2.725,6.306,9.031,53,25,9.109,21,21,21.024,1.150,351,88,545,166,780,498,282,1.930,25,5,1.960,3.491,2.378,33,20,6.619,3.523,196,
13,Curacaví,13503,79,79,27.147,3.875,3.664,1.661,1.831,168,1.002,1.238,13.439,95,75,13.609,79,79,9.652,6.865,16.517,129,43,16.689,39,39,26.401,2.600,872,243,1.243,242,3.455,2.012,1.443,6.055,76,15,6.146,11.713,2.969,79,28,4.717,5.341,232,
10,Curaco de Vélez,10204,12,12,3.770,255,301,291,114,10,57,206,1.234,11,16,1.261,12,12,1.041,762,1.803,20,9,1.832,6,6,3.747,98,28,9,50,11,165,89,76,263,4,3,270,1.091,212,8,4,952,611,57,
8,Curanilahue,8205,93,93,30.382,2.127,3.898,1.962,801,157,789,2.550,12.284,150,128,12.562,93,93,7.474,7.493,14.967,128,54,15.149,31,31,30.008,1.519,501,114,637,267,2.072,1.234,838,3.591,78,11,3.680,9.807,3.229,84,38,6.629,10.466,462,
9,Curarrehue,9104,25,25,8.521,548,1.231,333,341,51,124,270,2.898,23,21,2.942,25,25,1.474,2.411,3.885,28,9,3.922,9,9,8.439,400,137,24,197,42,376,173,203,776,5,4,785,1.740,891,12,12,2.257,570,68,
7,Curepto,7103,36,36,10.330,887,1.062,842,630,35,191,385,4.032,56,41,4.129,36,36,2.834,2.433,5.267,42,19,5.328,18,18,10.188,609,194,33,300,82,617,386,231,1.226,20,7,1.253,2.793,736,15,16,3.354,3.700,253,
7,Curicó,7301,383,383,118.541,12.532,17.171,6.936,7.992,651,4.627,7.880,57.789,450,253,58.492,383,383,36.040,32.035,68.075,547,181,68.803,129,129,115.679,11.239,3.089,975,6.017,1.158,11.250,7.464,3.786,22.489,329,234,23.052,48.391,14.296,222,106,23.649,31.531,1.079,
10,Dalcahue,10205,38,38,12.772,919,1.086,709,488,67,259,796,4.324,45,38,4.407,38,38,3.024,2.616,5.640,46,24,5.710,13,13,12.548,460,148,25,238,49,631,364,267,1.091,17,2,1.110,3.344,634,22,12,2.457,1.186,66,
3,Diego de Almagro,3202,45,45,13.101,1.085,561,987,192,73,244,1.486,4.628,46,20,4.694,45,45,3.932,1.281,5.213,59,14,5.286,15,15,13.008,348,103,28,177,40,1.069,458,611,1.417,21,3,1.441,4.886,499,17,8,4.661,10.279,512,
6,Doñihue,6105,59,59,18.597,2.293,1.975,1.009,1.085,93,760,1.477,8.692,69,46,8.807,59,59,6.427,4.136,10.563,78,26,10.667,29,29,18.107,1.338,359,84,783,112,1.796,1.200,596,3.134,38,5,3.177,7.987,1.393,29,14,2.792,5.734,193,
13,El Bosque,13105,434,434,135.969,18.771,13.458,7.127,6.539,1.207,7.744,6.210,61.056,484,203,61.743,434,434,49.629,25.753,75.382,501,135,76.018,136,136,132.573,9.817,3.115,628,4.696,1.378,17.933,9.474,8.459,27.750,445,70,28.265,64.391,11.059,274,107,32.742,52.479,1.840,
16,El Carmen,16104,39,39,12.469,567,2.331,926,649,25,209,395,5.102,29,37,5.168,39,39,2.008,4.738,6.746,30,19,6.795,20,20,12.334,762,308,37,303,114,420,289,131,1.182,20,2,1.204,2.390,1.353,18,13,5.829,1.824,176,
13,El Monte,13602,83,83,28.129,3.596,3.130,1.764,1.458,204,1.289,1.890,13.331,149,83,13.563,83,83,10.139,6.232,16.371,145,47,16.563,41,41,27.228,2.263,792,178,1.075,218,3.105,1.732,1.373,5.368,84,14,5.466,12.605,2.378,64,28,6.273,5.500,264,
5,El Quisco,5604,43,43,14.675,2.406,2.027,815,1.022,123,663,889,7.945,43,19,8.007,43,43,5.413,3.972,9.385,68,13,9.466,21,21,13.990,1.377,494,101,616,166,2.357,1.226,1.131,3.734,39,3,3.776,5.767,1.437,30,7,1.597,1.506,72,
5,El Tabo,5605,37,37,12.832,2.224,1.791,840,799,141,759,535,7.089,38,18,7.145,37,37,5.030,3.287,8.317,60,15,8.392,19,19,12.105,1.069,401,82,462,124,2.058,997,1.061,3.127,42,1,3.170,4.675,1.142,19,6,1.253,1.022,46,
7,Empedrado,7104,15,15,4.523,183,855,235,192,6,94,300,1.865,17,11,1.893,15,15,644,1.797,2.441,31,8,2.480,7,7,4.521,303,112,30,117,44,154,127,27,457,6,2,465,821,676,9,7,1.182,791,70,
9,Ercilla,9204,28,28,8.036,485,1.490,322,211,50,182,179,2.919,33,20,2.972,28,28,1.632,2.232,3.864,34,10,3.908,9,9,7.964,520,215,25,230,50,333,167,166,853,12,6,871,1.521,1.020,26,26,2.356,1.494,191,
13,Estación Central,13106,399,399,125.639,18.230,12.049,5.736,6.345,1.163,5.491,3.632,52.646,591,194,53.431,399,399,41.330,22.390,63.720,471,155,64.346,129,129,123.851,8.565,2.888,606,4.018,1.053,18.007,9.325,8.682,26.572,346,36,26.954,52.728,9.905,241,66,31.451,56.916,1.714,
8,Florida,8104,34,34,10.550,623,1.562,804,606,55,317,675,4.642,59,38,4.739,34,34,2.181,3.442,5.623,55,16,5.694,12,12,10.324,814,318,59,345,92,536,365,171,1.350,13,3,1.366,2.612,1.110,23,12,3.859,2.614,222,
9,Freire,9105,77,77,22.892,1.381,3.630,1.630,911,126,571,950,9.199,120,90,9.409,77,77,4.428,6.578,11.006,86,36,11.128,25,25,22.481,1.385,530,104,588,163,1.032,651,381,2.417,46,8,2.471,5.198,2.401,51,20,6.519,4.956,333,
3,Freirina,3303,18,18,6.051,425,305,1.168,135,22,69,512,2.636,17,12,2.665,18,18,2.132,746,2.878,23,7,2.908,9,9,5.798,184,58,12,100,14,378,135,243,562,2,5,569,2.465,221,14,1,1.312,1.136,88,
10,Fresia,10104,42,42,12.172,838,2.052,1.178,458,44,211,491,5.272,63,69,5.404,42,42,2.840,3.501,6.341,51,20,6.412,14,14,11.890,767,280,38,354,95,548,329,219,1.315,17,12,1.344,3.166,1.479,20,18,3.386,3.469,148,
10,Frutillar,10105,51,51,17.227,1.351,3.260,1.329,786,60,375,1.208,8.369,54,63,8.486,51,51,4.276,5.333,9.609,75,20,9.704,18,18,16.685,1.711,481,149,894,187,1.220,771,449,2.931,46,11,2.988,5.185,2.674,36,13,3.158,2.974,129,
10,Futaleufú,10402,12,12,3.885,208,435,155,150,15,34,60,1.057,8,14,1.079,12,12,558,855,1.413,14,5,1.432,4,4,3.864,178,68,19,66,25,154,98,56,332,1,0,333,630,330,2,3,776,178,30,
14,Futrono,14202,46,46,14.801,1.008,2.803,902,692,74,244,806,6.529,67,42,6.638,46,46,2.786,4.902,7.688,60,28,7.776,17,17,14.366,1.240,408,103,610,119,739,472,267,1.979,26,6,2.011,3.484,2.184,38,26,4.104,2.436,142,
9,Galvarino,9106,37,37,12.092,880,1.802,1.134,364,73,376,473,5.102,68,59,5.229,37,37,2.734,3.326,6.060,41,26,6.127,13,13,11.895,628,212,33,300,83,446,255,191,1.074,13,8,1.095,2.472,995,46,24,4.044,2.515,215,
15,General Lagos,15202,6,6,1.948,24,140,39,26,5,26,239,499,7,7,513,6,6,65,251,316,9,1,326,2,2,1.914,20,14,0,6,0,9,4,5,29,5,0,34,220,80,9,4,504,17,27,
9,Gorbea,9107,49,49,15.651,794,3.155,841,805,40,228,639,6.502,55,45,6.602,49,49,2.549,5.486,8.035,57,17,8.109,17,17,15.421,1.376,437,89,729,121,661,438,223,2.037,21,11,2.069,3.290,2.084,25,20,5.261,3.282,168,
6,Graneros,6106,80,80,27.062,3.724,2.891,1.517,1.479,153,1.348,2.238,13.350,166,65,13.581,80,80,10.092,5.673,15.765,120,48,15.933,40,40,26.443,2.053,515,143,1.231,164,3.193,1.903,1.290,5.246,77,21,5.344,12.968,2.230,61,33,4.519,8.295,335,
11,Guaitecas,11203,6,6,1.696,129,150,80,43,4,18,68,492,2,5,499,6,6,365,259,624,6,0,630,3,3,1.648,60,21,11,21,7,53,27,26,113,3,1,117,488,117,0,2,352,114,11,
5,Hijuelas,5503,46,46,15.727,1.454,1.725,762,778,59,644,1.894,7.316,72,34,7.422,46,46,4.721,3.693,8.414,76,28,8.518,16,16,15.509,1.028,255,73,611,89,1.154,771,383,2.182,28,6,2.216,6.338,1.266,28,16,4.280,3.360,281,
10,Hualaihué,10403,29,29,8.774,628,1.041,600,389,48,223,678,3.607,51,70,3.728,29,29,2.046,2.181,4.227,33,21,4.281,15,15,8.595,366,155,31,138,42,402,257,145,768,15,4,787,2.325,524,13,9,2.320,716,124,
7,Hualañé,7302,32,32,9.788,817,992,1.017,660,40,259,366,4.151,37,30,4.218,32,32,3.167,2.442,5.609,35,27,5.671,16,16,9.575,689,222,47,364,56,665,411,254,1.354,23,5,1.382,3.300,784,24,10,2.337,3.194,129,
8,Hualpén,8112,244,244,77.313,8.184,9.919,4.598,3.711,523,3.421,8.828,39.184,290,115,39.589,244,244,26.020,20.086,46.106,407,96,46.609,81,81,74.010,6.012,1.768,433,3.058,753,8.676,5.715,2.961,14.688,276,30,14.994,34.255,9.006,189,74,,,,
8,Hualqui,8105,63,63,20.705,1.433,2.304,1.063,823,103,847,1.802,8.375,94,66,8.535,63,63,5.354,5.317,10.671,100,35,10.806,21,21,20.000,1.290,392,76,653,169,1.401,925,476,2.691,39,14,2.744,7.378,1.944,59,46,3.694,4.973,346,
1,Huara,1404,36,36,9.045,207,479,157,88,12,78,667,1.688,21,16,1.725,36,36,545,990,1.535,18,5,1.558,11,11,9.013,169,98,6,59,6,150,100,50,319,6,1,326,1.136,379,8,6,531,305,101,
3,Huasco,3304,25,25,8.454,641,538,1.309,196,58,193,930,3.865,33,15,3.913,25,25,3.131,1.182,4.313,36,9,4.358,13,13,8.217,317,112,23,153,29,729,324,405,1.046,12,9,1.067,3.808,404,18,6,1.757,2.077,91,
13,Huechuraba,13107,223,223,74.581,11.004,9.452,4.524,6.760,771,4.067,3.205,39.783,308,158,40.249,223,223,28.680,18.934,47.614,495,162,48.271,112,112,72.586,9.295,2.679,1.071,4.728,817,13.879,8.513,5.366,23.174,364,45,23.583,37.173,8.562,153,71,10.336,20.282,732,
4,Illapel,4201,82,82,27.992,3.146,1.953,2.104,1.061,150,745,2.738,11.897,82,70,12.049,82,82,9.971,4.239,14.210,95,40,14.345,28,28,27.454,1.091,301,79,613,98,2.309,1.333,976,3.400,34,10,3.444,11.166,1.382,56,29,5.497,10.050,567,
13,Independencia,13108,246,246,82.526,11.569,8.327,3.408,4.646,749,2.806,2.072,33.577,208,97,33.882,246,246,24.430,15.503,39.933,289,121,40.343,82,82,81.554,6.504,2.231,490,3.048,735,12.183,6.679,5.504,18.687,257,25,18.969,31.299,6.991,130,51,20.700,29.330,932,
1,Iquique,1101,616,616,167.349,15.562,24.113,6.037,6.581,982,4.687,15.755,73.717,556,404,74.677,616,616,39.398,40.070,79.468,733,238,80.439,167,167,162.355,12.289,3.699,800,6.356,1.434,16.389,9.616,6.773,28.678,503,65,29.246,61.103,18.879,275,114,33.354,39.582,1.879,Incluye Alto Hospicio
13,Isla de Maipo,13603,83,83,28.606,3.466,3.638,1.827,1.743,199,1.367,1.505,13.745,98,68,13.911,83,83,10.118,7.141,17.259,97,34,17.390,28,28,27.891,2.745,894,270,1.366,215,3.642,2.354,1.288,6.387,99,10,6.496,12.381,2.765,59,21,4.499,5.671,215,
5,Isla de Pascua,5201,19,19,6.493,972,581,352,314,41,323,311,2.894,60,73,3.027,19,19,2.016,853,2.869,39,15,2.923,10,10,6.318,385,118,36,168,63,795,429,366,1.180,19,8,1.207,2.292,416,11,7,630,462,23,
5,Juan Fernández,5104,3,3,930,144,61,37,42,5,22,6,317,1,3,321,3,3,282,118,400,0,1,401,2,2,948,49,16,3,13,17,129,103,26,178,2,0,180,377,62,0,0,204,37,26,
13,La Cisterna,13109,259,259,81.931,13.048,9.830,4.101,5.577,733,3.410,2.560,39.259,308,78,39.645,259,259,28.900,18.881,47.781,357,91,48.229,87,87,80.586,7.507,2.484,554,3.543,926,13.398,7.818,5.580,20.905,293,26,21.224,37.198,8.483,124,42,26.103,37.175,1.289,
5,La Cruz,5504,49,49,16.779,2.124,2.639,808,1.249,100,646,1.616,9.182,53,17,9.252,49,49,5.571,4.915,10.486,109,32,10.627,25,25,16.248,1.823,406,122,1.116,179,2.045,1.374,671,3.868,56,4,3.928,6.989,1.988,22,7,2.813,3.190,143,
6,La Estrella,6202,15,15,3.799,406,514,326,301,19,113,128,1.807,12,24,1.843,15,15,1.085,1.175,2.260,14,8,2.282,6,6,3.658,315,97,21,156,41,286,160,126,601,8,0,609,1.158,315,8,3,1.119,821,33,
13,La Florida,13110,918,918,308.805,58.319,33.562,16.861,23.602,3.003,13.959,10.735,160.041,1.081,431,161.553,918,918,125.000,68.018,193.018,1.403,445,194.866,307,307,303.808,29.542,9.363,2.471,14.883,2.825,57.613,33.872,23.741,87.155,1.104,126,88.385,153.235,28.696,479,179,54.329,93.264,2.911,
13,La Granja,13111,318,318,102.187,14.887,8.105,5.911,4.561,1.002,5.644,4.760,44.870,366,133,45.369,318,318,38.965,16.492,55.457,339,117,55.913,106,106,99.742,6.446,2.104,391,3.197,754,13.745,6.884,6.861,20.191,313,40,20.544,49.981,7.065,206,74,22.607,41.448,1.670,
4,La Higuera,4104,14,14,4.487,459,322,296,109,30,116,405,1.737,23,26,1.786,14,14,1.300,654,1.954,10,4,1.968,7,7,4.406,156,88,10,43,15,222,86,136,378,6,2,386,1.345,206,9,4,572,813,57,
5,La Ligua,5401,92,92,30.495,4.229,3.165,1.896,1.680,195,1.079,2.257,14.501,114,59,14.674,92,92,10.990,6.697,17.687,117,38,17.842,31,31,29.912,1.913,442,126,1.072,273,3.483,1.751,1.732,5.396,62,16,5.474,13.580,2.340,57,24,6.248,8.177,343,
13,La Pintana,13112,507,508,137.994,16.023,9.018,7.554,4.585,1.227,9.024,7.364,54.795,561,275,55.631,508,508,49.968,18.551,68.519,449,172,69.140,136,136,135.091,7.825,2.849,538,3.532,906,15.425,7.376,8.049,23.250,408,73,23.731,64.779,8.487,340,117,17.864,37.462,1.411,
13,La Reina,13113,283,283,90.939,15.721,17.036,6.293,13.724,574,1.779,1.222,56.349,289,151,56.789,283,283,30.753,31.593,62.346,848,403,63.597,142,142,90.043,18.305,5.649,3.156,8.290,1.210,18.953,13.902,5.051,37.258,282,47,37.587,39.970,19.003,127,83,26.307,29.437,848,
4,La Serena,4101,524,524,179.322,23.245,20.297,9.044,10.033,1.218,5.558,13.743,83.138,533,255,83.926,524,524,59.745,39.209,98.954,856,297,100.107,174,174,174.260,13.951,3.795,1.217,7.758,1.181,21.987,13.737,8.250,35.938,550,73,36.561,73.254,16.545,224,101,27.829,34.684,1.537,
14,La Unión,14201,110,110,35.752,2.783,5.954,2.322,1.840,163,763,2.212,16.037,109,97,16.243,110,110,8.200,10.593,18.793,124,50,18.967,38,38,34.759,2.858,905,186,1.418,349,2.172,1.448,724,5.030,76,9,5.115,10.749,4.063,70,26,11.801,9.314,443,
14,Lago Ranco,14203,37,37,9.616,703,1.740,655,475,51,188,487,4.299,67,64,4.430,37,37,1.940,3.085,5.025,36,30,5.091,11,11,9.408,776,301,54,350,71,508,294,214,1.284,18,6,1.308,2.093,1.208,26,21,3.312,1.585,186,
11,Lago Verde,11102,5,5,1.247,75,216,65,46,11,16,31,460,11,5,476,5,5,255,316,571,7,5,583,3,3,1.236,79,44,2,20,13,71,33,38,150,2,0,152,247,124,0,2,285,156,16,
12,Laguna Blanca,12102,3,3,822,57,134,33,24,3,26,25,302,2,2,306,3,3,166,173,339,2,3,344,1,1,797,44,10,2,27,5,26,22,4,70,1,0,71,139,62,0,0,114,55,2,
8,Laja,8304,65,65,21.631,1.299,2.709,1.017,880,83,632,2.295,8.915,118,64,9.097,65,65,4.594,5.656,10.250,97,36,10.383,22,22,21.332,1.266,411,110,605,140,1.284,876,408,2.550,41,8,2.599,7.030,2.202,70,25,5.767,7.540,411,
13,Lampa,13302,187,187,62.829,7.393,7.308,2.752,3.676,456,3.219,3.985,28.789,212,121,29.122,187,187,20.285,15.090,35.375,273,83,35.731,62,62,59.964,5.249,1.450,399,2.738,662,7.839,4.721,3.118,13.088,227,29,13.344,25.995,5.399,94,53,6.050,5.881,289,
14,Lanco,14103,50,50,16.367,1.413,2.312,981,561,78,309,1.000,6.654,59,69,6.782,50,50,4.090,4.208,8.298,61,29,8.388,18,18,16.050,1.096,378,90,486,142,999,533,466,2.095,36,13,2.144,5.084,1.561,28,24,4.909,3.069,159,
6,Las Cabras,6107,65,65,20.829,1.993,2.392,1.470,1.282,104,779,826,8.846,96,97,9.039,65,65,6.025,4.833,10.858,53,26,10.937,21,21,20.303,1.364,444,89,745,86,1.510,925,585,2.874,39,10,2.923,7.187,1.426,36,19,5.033,4.549,268,
13,Las Condes,13114,803,803,271.386,22.145,78.095,12.286,53.138,598,2.556,1.826,170.644,716,343,171.703,803,803,47.662,132.125,179.787,2.930,1.230,183.947,401,401,268.383,88.552,34.398,14.998,35.979,3.177,31.741,26.835,4.906,120.293,797,119,121.209,73.386,92.459,461,237,72.357,50.327,1.623,
9,Lautaro,9108,102,102,34.520,2.171,6.914,2.197,1.281,144,785,1.829,15.321,169,96,15.586,102,102,6.703,11.118,17.821,132,42,17.995,35,35,33.809,3.027,1.063,182,1.392,390,1.989,1.433,556,5.016,89,17,5.122,8.037,4.788,68,22,8.397,7.266,440,
8,Lebu,8201,67,67,22.302,1.581,3.442,1.361,527,95,647,1.238,8.891,115,80,9.086,67,67,4.796,5.908,10.704,94,36,10.834,24,24,21.923,1.206,439,65,501,201,1.440,971,469,2.646,45,11,2.702,5.630,2.786,74,26,4.611,7.693,294,
7,Licantén,7303,24,24,6.897,562,735,539,628,29,187,347,3.027,15,12,3.054,24,24,2.219,1.690,3.909,19,22,3.950,11,11,6.761,628,138,34,419,37,408,294,114,1.036,19,2,1.057,2.412,492,16,9,1.628,1.878,115,
5,Limache,5802,117,117,40.056,5.242,5.734,1.791,2.418,280,1.295,2.528,19.288,170,79,19.537,117,117,12.427,10.222,22.649,202,64,22.915,39,39,39.220,3.653,890,311,2.000,452,4.629,2.857,1.772,8.282,114,22,8.418,15.572,4.531,77,41,8.945,9.147,513,Incluye parte de Concón
7,Linares,7401,241,241,82.252,7.900,12.574,4.137,4.493,318,2.371,4.896,36.689,288,157,37.134,241,241,20.961,23.077,44.038,275,103,44.416,80,80,79.924,6.792,2.147,427,3.137,1.081,6.556,4.409,2.147,13.348,190,31,13.569,25.878,9.828,124,48,21.727,20.283,830,
6,Litueche,6203,22,22,6.624,673,935,615,470,31,200,208,3.132,26,28,3.186,22,22,2.023,1.924,3.947,16,9,3.972,11,11,6.518,505,178,35,261,31,480,290,190,985,9,1,995,1.971,547,7,4,1.615,1.341,83,
5,Llaillay,5703,62,62,21.043,2.900,1.688,1.441,1.006,169,974,2.060,10.238,125,49,10.412,62,62,8.753,3.601,12.354,88,28,12.470,21,21,20.659,1.145,287,63,638,157,2.580,1.161,1.419,3.725,47,7,3.779,10.304,1.275,51,15,5.062,5.655,283,
10,Llanquihue,10107,48,48,16.207,1.395,2.618,1.186,627,66,553,1.390,7.835,63,70,7.968,48,48,4.639,4.390,9.029,73,31,9.133,16,16,15.765,1.268,405,100,630,133,1.240,839,401,2.508,35,4,2.547,5.682,2.077,27,25,3.487,3.608,148,
13,Lo Barnechea,13115,248,248,84.259,4.617,28.309,2.570,16.644,200,1.249,1.189,54.778,164,102,55.044,248,248,12.248,46.038,58.286,859,294,59.439,124,124,82.750,32.935,10.074,5.721,16.526,614,6.099,4.663,1.436,39.034,313,38,39.385,21.111,33.903,178,66,10.092,9.045,307,
13,Lo Espejo,13116,305,305,88.815,12.552,6.382,4.562,3.233,923,5.690,4.296,37.638,298,164,38.100,304,305,34.404,12.651,47.055,295,119,47.469,91,91,87.513,5.259,1.783,329,2.488,659,12.044,5.417,6.627,17.303,309,44,17.656,44.806,5.474,215,99,24.085,45.247,1.508,
13,Lo Prado,13117,272,272,86.901,12.923,7.554,4.785,4.434,910,5.272,3.878,39.756,449,166,40.371,272,272,33.698,15.500,49.198,345,86,49.629,91,91,85.417,6.717,2.163,459,3.197,898,13.283,6.723,6.560,20.000,306,33,20.339,44.379,6.697,216,74,20.852,40.700,1.276,
6,Lolol,6304,21,21,6.957,568,812,654,569,18,120,228,2.969,18,39,3.026,21,21,1.822,1.989,3.811,18,11,3.840,11,11,6.716,533,155,46,302,30,388,278,110,921,14,0,935,1.815,593,15,10,2.222,1.557,133,
9,Loncoche,9109,76,76,23.234,1.516,3.501,1.537,938,93,588,1.306,9.479,87,74,9.640,76,76,5.063,6.133,11.196,80,31,11.307,26,26,22.862,1.464,467,121,670,206,1.301,796,505,2.765,35,8,2.808,6.125,2.072,27,13,6.800,5.151,285,
7,Longaví,7403,79,79,27.055,1.644,4.182,1.414,1.186,56,518,1.077,10.077,87,66,10.230,79,79,5.066,8.297,13.363,78,33,13.474,26,26,26.322,1.630,788,80,535,227,1.119,687,432,2.749,25,7,2.781,5.457,2.346,41,15,9.272,5.251,332,
9,Lonquimay,9205,40,40,12.115,580,2.144,880,326,32,169,427,4.558,78,101,4.737,40,40,1.878,3.478,5.356,64,25,5.445,21,21,12.109,481,175,40,212,54,264,148,116,745,14,8,767,1.963,1.318,42,26,3.929,642,239,
8,Los Álamos,8206,58,58,18.230,1.030,3.497,1.073,477,78,380,1.267,7.802,80,63,7.945,58,58,3.561,5.882,9.443,74,27,9.544,20,20,17.773,1.141,510,69,383,179,858,523,335,1.999,32,9,2.040,4.194,2.393,35,28,3.070,4.483,269,
5,Los Andes,5301,166,166,55.912,7.177,7.144,3.241,3.590,330,2.268,5.366,29.116,279,124,29.519,166,166,19.279,12.976,32.255,480,96,32.831,56,56,55.278,5.111,1.491,390,2.670,560,7.012,4.569,2.443,12.123,179,17,12.319,25.366,5.773,100,37,11.066,15.167,570,
8,Los Ángeles,8301,556,556,164.725,9.446,29.438,6.438,8.842,615,3.254,11.658,69.691,501,341,70.533,556,556,28.680,55.225,83.905,593,231,84.729,181,181,160.318,16.900,5.079,1.130,9.151,1.540,10.241,7.605,2.636,27.141,450,63,27.654,43.288,24.965,320,172,42.821,29.775,1.818,
14,Los Lagos,14104,62,62,19.109,1.476,2.851,1.055,698,60,396,1.091,7.627,72,60,7.759,62,62,4.038,5.272,9.310,60,31,9.401,22,22,18.621,1.078,313,61,574,130,1.294,786,508,2.372,29,7,2.408,5.399,2.050,38,25,4.867,4.307,212,
10,Los Muermos,10106,49,49,16.423,796,3.214,858,715,37,245,759,6.624,69,124,6.817,49,49,2.499,5.567,8.066,50,35,8.151,17,17,16.191,1.190,539,62,503,86,577,415,162,1.767,28,11,1.806,2.780,2.284,23,29,5.448,2.746,175,
9,Los Sauces,9206,26,26,7.464,386,1.881,462,310,28,130,277,3.474,48,49,3.571,26,26,1.156,2.851,4.007,19,11,4.037,13,13,7.387,587,238,37,267,45,217,151,66,804,10,2,816,1.409,1.050,24,12,2.804,2.148,105,
4,Los Vilos,4203,57,57,18.641,2.142,1.431,1.331,801,150,659,1.322,7.836,75,42,7.953,57,57,6.614,3.067,9.681,67,22,9.770,19,19,18.128,1.025,344,77,485,119,1.945,1.064,881,2.970,46,8,3.024,7.679,1.153,25,18,2.842,4.762,216,
8,Lota,8106,147,147,47.446,3.892,6.201,3.074,1.290,218,1.827,4.624,21.126,283,144,21.553,147,147,13.409,11.055,24.464,266,89,24.819,49,49,46.206,2.434,846,160,1.042,386,3.510,1.955,1.555,5.944,144,29,6.117,17.051,5.664,159,69,7.073,23.369,642,
9,Lumaco,9207,35,35,9.187,556,2.443,455,227,52,175,241,4.149,42,51,4.242,35,35,1.542,3.585,5.127,22,9,5.158,17,17,9.037,600,197,28,341,34,283,158,125,883,15,1,899,1.711,1.206,31,31,3.956,1.857,183,
6,Machalí,6108,114,114,38.282,5.093,5.587,1.848,3.171,172,1.619,2.884,20.374,164,94,20.632,114,114,13.176,10.630,23.806,227,62,24.095,57,57,37.164,4.511,1.064,435,2.691,321,5.241,3.708,1.533,9.752,138,28,9.918,16.393,4.461,43,35,4.060,7.395,304,
13,Macul,13118,370,370,100.045,19.448,11.867,5.997,8.406,963,4.320,3.105,54.106,350,139,54.595,370,370,40.364,22.973,63.337,475,202,64.014,99,99,99.055,9.834,3.076,860,4.939,959,19.314,11.685,7.629,29.148,297,36,29.481,49.762,10.384,170,76,26.242,43.684,1.370,
14,Máfil,14105,24,24,7.191,479,1.292,423,283,29,187,647,3.340,38,39,3.417,24,24,1.527,2.266,3.793,31,10,3.834,12,12,7.001,558,136,43,327,52,386,244,142,944,11,2,957,2.049,785,10,9,2.358,1.492,60,
13,Maipú,13119,1.186,1.186,392.526,75.646,42.681,19.369,25.947,4.173,20.921,17.651,206.388,1.631,600,208.619,1.186,1.186,167.374,83.807,251.181,1.670,442,253.293,396,396,382.398,33.282,9.306,2.654,17.533,3.789,74.717,44.740,29.977,107.999,1.408,136,109.543,208.747,33.518,644,206,34.956,59.142,1.891,
6,Malloa,6109,43,43,12.391,1.064,1.691,794,682,43,414,686,5.374,63,25,5.462,43,43,3.443,3.370,6.813,48,22,6.883,21,21,12.177,1.025,260,55,613,97,814,538,276,1.839,23,2,1.864,4.246,1.149,26,14,3.472,2.775,131,
6,Marchihue,6204,22,22,7.159,669,755,595,605,33,171,240,3.068,15,21,3.104,22,22,2.209,1.831,4.040,28,7,4.075,11,11,6.997,573,152,22,360,39,487,331,156,1.060,10,5,1.075,2.408,499,11,8,1.808,1.690,75,
2,María Elena,2302,23,23,6.173,265,212,148,73,34,118,964,1.814,58,8,1.880,23,23,1.350,476,1.826,24,5,1.855,8,8,6.187,116,49,11,37,19,228,89,139,344,8,3,355,1.938,187,8,5,4.790,5.322,311,
13,María Pinto,13504,35,35,11.862,1.507,1.503,760,793,52,419,485,5.519,30,32,5.581,35,35,3.959,2.908,6.867,41,14,6.922,12,12,11.565,953,295,81,491,86,1.154,662,492,2.107,25,9,2.141,4.424,1.022,15,12,2.675,2.034,104,
14,Mariquina,14106,64,64,19.123,1.520,2.346,1.226,667,72,391,1.543,7.765,71,61,7.897,64,64,4.854,4.499,9.353,47,29,9.429,22,22,18.344,1.018,288,71,536,123,1.078,696,382,2.096,30,6,2.132,5.934,1.783,31,24,4.771,3.994,193,
7,Maule,7105,78,78,25.279,2.117,3.418,1.525,1.544,94,968,2.339,12.005,109,82,12.196,78,78,6.959,7.158,14.117,296,43,14.456,26,26,24.348,2.134,653,131,961,389,1.724,1.085,639,3.858,48,13,3.919,8.355,2.454,52,16,3.342,3.581,133,
10,Maullín,10108,58,58,15.329,882,2.197,941,496,50,208,715,5.489,45,60,5.594,58,58,2.791,4.087,6.878,51,29,6.958,19,19,14.966,691,309,36,267,79,513,329,184,1.204,19,3,1.226,3.418,1.633,30,14,4.581,3.354,191,
2,Mejillones,2102,30,30,10.072,747,589,350,199,52,270,1.656,3.863,30,15,3.908,30,30,3.050,1.398,4.448,54,13,4.515,15,15,9.771,373,101,33,198,41,894,339,555,1.267,16,3,1.286,4.572,533,16,7,1.240,2.080,81,
9,Melipeuco,9110,23,23,7.723,362,944,328,199,26,95,247,2.201,29,20,2.250,23,23,1.122,2.049,3.171,19,10,3.200,8,8,7.707,313,111,16,134,52,238,120,118,551,5,2,558,1.542,584,15,18,2.418,697,74,
13,Melipilla,13501,286,286,98.064,10.619,12.235,4.810,5.546,590,2.810,4.351,40.961,327,190,41.478,286,286,28.453,23.517,51.970,305,94,52.369,95,95,96.435,7.713,2.297,555,4.166,695,9.113,5.703,3.410,21.218,257,28,17.111,34.983,7.901,150,63,22.742,20.556,1.159,
7,Molina,7304,119,119,39.735,3.961,4.884,3.244,2.255,185,1.647,2.641,18.817,197,117,19.131,119,119,13.143,9.576,22.719,164,59,22.942,40,40,38.872,3.047,940,212,1.500,395,3.406,2.132,1.274,6.453,86,20,6.559,15.425,3.694,69,26,8.604,13.167,577,
4,Monte Patria,4303,102,102,28.145,1.972,1.894,1.837,794,185,748,2.623,10.053,115,80,10.248,102,102,7.966,3.976,11.942,109,55,12.106,29,29,27.659,1.093,414,106,468,105,1.477,792,685,2.570,45,16,2.631,9.838,1.275,56,23,7.402,7.204,567,
6,Mostazal,6110,64,64,21.204,2.657,2.281,1.117,1.063,128,856,1.594,9.696,104,53,9.853,64,64,7.721,4.469,12.190,97,34,12.321,22,22,20.689,1.654,486,140,891,137,2.343,1.240,1.103,3.997,74,8,4.079,9.673,1.712,32,21,4.017,5.101,193,
8,Mulchén,8305,79,79,26.746,1.351,3.762,1.613,822,86,465,1.830,9.929,104,117,10.150,79,79,5.384,7.117,12.501,125,56,12.682,27,27,26.338,1.589,529,112,753,195,1.252,842,410,2.841,61,15,2.917,7.252,2.760,76,48,9.802,6.579,434,
8,Nacimiento,8306,72,72,24.563,1.367,3.693,1.264,836,96,548,2.874,10.678,84,73,10.835,72,72,4.693,7.253,11.946,101,51,12.098,24,24,24.265,1.660,545,120,810,185,1.531,1.056,475,3.191,51,9,3.251,7.267,3.060,47,29,6.355,6.913,434,
6,Nancagua,6305,45,45,15.306,1.338,1.661,1.276,1.064,60,395,1.006,6.800,47,40,6.887,45,45,4.839,3.629,8.468,45,20,8.533,15,15,14.968,1.084,297,84,641,62,1.133,757,376,2.217,25,4,2.246,5.840,1.187,23,9,3.081,3.052,131,
12,Natales,12401,69,69,22.672,2.437,2.039,1.253,573,91,722,980,8.095,105,72,8.272,69,69,6.024,3.470,9.494,68,26,9.588,24,24,22.226,779,312,68,287,112,1.748,1.199,549,2.527,55,3,2.585,6.506,1.251,25,16,4.998,6.109,275,
6,Navidad,6205,21,21,7.214,807,761,622,527,53,217,204,3.191,27,28,3.246,21,21,2.376,1.744,4.120,38,14,4.172,11,11,6.973,602,146,68,332,56,692,401,291,1.294,20,2,1.316,2.322,568,14,10,1.585,1.832,100,
8,Negrete,8307,30,30,9.084,350,1.545,508,399,25,217,661,3.705,49,44,3.798,30,30,1.623,3.023,4.646,37,12,4.695,15,15,8.961,772,284,50,354,84,393,277,116,1.165,23,7,1.195,2.287,1.361,37,19,2.490,1.390,97,
16,Ninhue,16204,21,21,6.078,253,824,697,320,15,105,191,2.405,24,22,2.451,21,21,1.088,1.909,2.997,21,6,3.024,11,11,6.104,398,213,17,143,25,226,132,94,624,9,1,634,1.353,547,14,6,2.319,1.235,81,
5,Nogales,5506,66,66,19.714,2.325,1.501,1.094,925,130,899,2.388,9.262,60,55,9.377,66,66,7.507,3.354,10.861,80,35,10.976,33,33,19.416,1.156,304,74,649,129,2.095,1.147,948,3.251,60,6,3.317,9.520,1.221,46,25,3.210,6.362,314,
9,Nueva Imperial,9111,91,91,30.850,2.196,4.696,2.301,1.191,178,1.011,1.647,13.220,164,102,13.486,91,91,7.395,8.494,15.889,166,55,16.110,30,30,30.299,1.811,676,99,752,284,1.752,1.112,640,3.563,49,8,3.620,8.765,3.218,83,34,10.795,9.327,760,Incluye Cholchol
16,Ñiquén,16303,34,34,10.758,531,2.000,632,610,35,301,518,4.627,46,58,4.731,34,34,1.790,3.685,5.475,34,17,5.526,12,12,10.558,925,500,20,333,72,421,282,139,1.346,13,5,1.364,2.003,1.228,17,11,4.429,1.739,118,
13,Ñuñoa,13120,616,616,198.985,48.166,29.425,12.316,23.081,1.822,4.561,2.753,122.124,601,276,123.001,616,616,81.608,55.389,136.997,1.414,593,139.004,309,309,196.497,27.925,8.133,4.024,13.444,2.324,52.200,35.247,16.953,80.125,588,112,80.825,95.362,29.798,226,122,50.531,67.789,1.720,
11,O'Higgins,11302,3,3,758,75,142,47,26,3,5,16,314,5,6,325,3,3,151,168,319,1,1,321,2,2,745,56,32,3,6,15,40,20,20,96,0,0,96,153,83,0,0,159,8,5,
6,Olivar,6111,42,42,12.567,1.324,1.701,718,835,46,493,1.076,6.193,55,32,6.280,42,42,3.900,3.372,7.272,66,18,7.356,21,21,12.354,1.242,313,68,781,80,1.152,826,326,2.394,30,3,2.427,5.121,1.336,17,11,2.279,2.879,155,
2,Ollagüe,2202,6,6,1.663,29,53,25,12,3,27,220,369,2,1,372,6,6,102,122,224,6,4,234,2,2,1.667,23,13,0,4,6,25,15,10,48,1,1,50,317,61,1,0,113,42,16,
5,Olmué,5803,49,49,16.687,1.925,2.624,760,1.000,101,561,893,7.864,69,44,7.977,49,49,4.771,4.543,9.314,85,20,9.419,17,17,16.376,1.515,478,154,706,177,1.593,935,658,3.108,46,11,3.165,5.984,1.997,39,11,3.685,3.172,241,
10,Osorno,10301,459,459,143.216,14.256,21.365,9.994,7.717,838,3.309,9.914,67.393,496,241,68.130,459,459,40.375,37.894,78.269,620,173,79.062,154,154,138.316,12.530,3.410,942,7.011,1.167,12.391,7.778,4.613,24.921,353,47,25.321,51.694,18.202,244,116,30.038,41.554,1.553,
4,Ovalle,4301,273,273,92.330,8.759,7.746,5.570,3.734,420,2.764,7.709,36.702,311,192,37.205,273,273,27.498,16.243,43.741,387,136,44.264,92,92,90.731,4.949,1.535,422,2.480,512,7.755,4.442,3.313,12.704,241,31,12.976,34.181,5.898,151,89,20.110,22.136,1.598,
13,Padre Hurtado,13604,136,136,46.684,7.120,5.178,2.626,2.775,418,3.123,3.527,24.767,194,87,25.048,136,136,19.359,10.189,29.548,203,69,29.820,68,68,44.945,4.572,1.363,373,2.298,538,7.628,4.607,3.021,12.200,204,20,12.424,22.498,3.501,95,22,,,,
9,Padre Las Casas,9112,175,175,59.516,4.409,9.271,2.982,2.511,265,1.852,4.368,25.658,260,185,26.103,175,175,13.289,16.904,30.193,526,93,30.812,59,59,57.656,4.193,1.308,260,2.109,516,3.681,2.319,1.362,7.874,134,13,8.021,16.892,7.020,142,67,,,,
4,Paiguano,4105,16,16,5.295,576,488,289,274,37,146,277,2.087,17,14,2.118,16,16,1.648,1.077,2.725,22,7,2.754,8,8,5.267,410,71,29,163,147,414,207,207,824,6,1,831,1.958,442,8,6,1.605,594,78,
14,Paillaco,14107,66,66,19.298,1.428,3.333,1.171,801,94,333,1.226,8.386,81,73,8.540,66,66,4.229,5.814,10.043,79,22,10.144,22,22,18.841,1.398,485,89,615,209,1.134,698,436,2.532,44,12,2.588,5.434,2.188,27,24,5.981,4.395,262,
13,Paine,13404,166,166,55.091,7.020,8.428,2.699,2.743,266,2.099,3.212,26.467,210,125,26.802,166,166,17.697,14.711,32.408,234,73,32.715,54,54,53.845,5.200,1.730,461,2.504,505,6.333,3.810,2.523,11.533,229,33,11.795,22.637,5.141,115,58,10.940,8.113,547,
10,Palena,10404,7,7,2.322,160,307,157,81,7,20,57,789,8,14,811,7,7,441,530,971,3,5,979,4,4,2.302,108,44,7,46,11,95,58,37,203,2,1,206,422,202,6,6,579,394,26,
6,Palmilla,6306,31,31,10.565,819,1.127,1.231,671,39,275,469,4.631,33,39,4.703,31,31,3.119,2.832,5.951,33,19,6.003,16,16,10.223,807,167,30,561,49,578,366,212,1.385,10,2,1.397,3.500,822,8,6,3.440,2.127,133,
14,Panguipulli,14108,108,108,35.619,2.368,4.900,1.954,1.329,169,906,1.836,13.462,204,164,13.830,108,108,7.035,8.907,15.942,162,69,16.173,38,38,34.986,2.400,882,185,1.034,299,2.065,1.296,769,4.465,68,22,4.555,8.572,3.697,108,72,8.440,7.255,488,
5,Panquehue,5704,20,20,6.643,714,870,389,331,28,229,711,3.272,33,25,3.330,20,20,2.398,1.541,3.939,25,8,3.972,10,10,6.516,575,141,35,348,51,464,292,172,1.039,12,1,1.052,2.858,718,12,0,1.484,1.544,80,
5,Papudo,5403,22,22,6.309,869,904,497,658,34,195,458,3.615,14,10,3.639,22,22,2.318,1.969,4.287,33,5,4.325,12,12,6.126,831,220,62,435,114,820,483,337,1.651,10,3,1.664,2.780,701,13,5,1.178,864,18,
6,Paredones,6206,24,24,7.049,634,752,708,523,24,155,217,3.013,28,53,3.094,24,24,2.065,1.814,3.879,16,11,3.906,12,12,6.973,526,156,22,293,55,446,282,164,972,9,3,984,1.974,467,21,9,2.017,2.366,148,
7,Parral,7404,128,128,38.210,2.752,6.504,2.394,2.552,109,829,1.551,16.691,156,108,16.955,128,128,8.455,12.120,20.575,155,41,20.771,43,43,37.404,3.187,1.050,216,1.559,362,2.272,1.545,727,5.459,70,8,5.537,10.252,4.520,88,37,13.645,8.801,541,
13,Pedro Aguirre Cerda,13121,337,337,91.490,17.001,7.558,5.048,4.531,1.402,5.661,3.541,44.742,400,288,45.430,337,337,39.838,14.930,54.768,393,118,55.279,99,99,90.663,6.340,2.057,451,3.074,758,17.275,7.625,9.650,23.615,328,43,23.986,48.614,6.787,228,81,25.931,55.320,1.788,
7,Pelarco,7106,26,26,8.675,549,1.127,595,528,29,248,561,3.637,41,15,3.693,26,26,2.000,2.648,4.648,28,10,4.686,9,9,8.434,643,209,46,303,85,419,268,151,1.062,23,1,1.086,2.589,783,15,4,5.012,3.314,195,Incluye parte de San Rafael
7,Pelluhue,7203,26,26,7.912,692,1.813,531,499,34,179,274,4.022,66,36,4.124,26,26,1.748,3.292,5.040,33,12,5.085,13,13,7.697,779,337,55,291,96,570,346,224,1.349,8,2,1.359,1.944,952,14,7,1.988,850,57,
16,Pemuco,16105,29,29,8.294,424,1.364,574,423,20,172,390,3.367,29,13,3.409,29,29,1.524,2.756,4.280,23,14,4.317,14,14,8.227,752,211,30,309,202,342,212,130,1.094,17,2,1.113,1.935,924,10,11,3.507,1.168,89,
7,Pencahue,7107,37,37,10.371,634,1.686,936,656,24,269,584,4.789,44,42,4.875,37,37,2.356,3.569,5.925,36,12,5.973,19,19,10.319,878,309,53,393,123,530,353,177,1.408,25,5,1.438,2.928,1.219,18,4,2.210,2.388,136,
8,Penco,8107,125,125,42.186,4.384,4.823,3.466,1.798,296,1.651,4.424,20.842,176,110,21.128,125,125,14.642,10.109,24.751,215,78,25.044,42,42,41.055,2.916,810,238,1.496,372,4.452,2.865,1.587,7.368,142,17,7.527,18.663,4.342,92,38,5.485,16.430,497,
13,Peñaflor,13605,215,215,73.422,10.887,7.694,4.238,4.229,599,4.264,5.103,37.014,290,132,37.436,215,215,29.355,15.169,44.524,355,93,44.972,108,108,71.729,6.374,1.864,496,3.354,660,11.528,6.726,4.802,17.902,256,35,18.193,36.889,6.127,103,71,15.358,23.900,933,Incluye Padre Hurtado
13,Peñalolén,13122,582,582,190.640,30.779,19.448,11.182,14.947,1.664,9.789,7.114,94.923,677,343,95.943,582,582,74.839,39.836,114.675,959,377,116.011,194,194,187.794,19.120,6.091,2.037,9.374,1.618,31.620,19.312,12.308,50.740,673,71,51.484,96.529,18.088,440,169,31.376,54.729,2.043,
6,Peralillo,6307,30,30,10.158,915,1.092,921,772,40,273,392,4.405,21,17,4.443,30,30,3.284,2.630,5.914,43,20,5.977,15,15,9.950,779,237,31,466,45,710,516,194,1.489,11,7,1.507,3.608,911,15,6,3.037,2.558,93,
9,Perquenco,9113,21,21,6.814,383,1.251,458,174,36,185,456,2.943,39,22,3.004,21,21,1.555,2.162,3.717,35,10,3.762,11,11,6.692,462,139,38,248,37,328,191,137,790,13,2,805,1.778,757,11,7,1.820,1.328,76,
5,Petorca,5404,30,30,9.415,1.175,671,712,361,54,374,742,4.089,48,30,4.167,30,30,3.678,1.370,5.048,42,12,5.102,15,15,9.179,357,108,33,189,27,806,402,404,1.163,9,1,1.173,4.146,458,20,15,1.899,3.066,212,
6,Peumo,6112,39,39,12.895,1.500,1.260,985,770,84,505,791,5.895,67,68,6.030,39,39,4.842,2.524,7.366,54,19,7.439,20,20,12.701,817,229,60,444,84,1.112,654,458,1.929,26,5,1.960,5.355,843,18,14,2.950,4.440,136,
1,Pica,1405,21,22,5.663,403,758,305,203,27,100,743,2.539,15,11,2.565,22,22,1.290,1.426,2.716,12,6,2.734,9,9,5.560,397,176,17,175,29,359,175,184,756,7,1,764,1.769,646,16,4,766,452,40,
6,Pichidegua,6113,50,50,17.017,1.541,1.614,1.232,1.138,83,464,745,6.817,48,90,6.955,50,50,4.977,3.626,8.603,53,23,8.679,17,17,16.634,1.031,298,51,630,52,1.052,705,347,2.083,15,5,2.103,5.350,1.080,22,19,4.528,4.608,170,
6,Pichilemu,6201,49,49,16.735,2.204,1.996,1.173,1.602,113,553,746,8.387,78,55,8.520,49,49,5.797,4.495,10.292,83,27,10.402,24,24,16.112,1.620,451,111,943,115,1.792,1.105,687,3.412,26,4,3.442,6.173,1.407,29,9,3.001,3.154,165,
16,Pinto,16106,37,37,11.523,578,2.626,457,726,34,256,446,5.123,38,38,5.199,37,37,1.646,5.046,6.692,56,14,6.762,17,17,11.248,1.195,495,77,525,98,527,355,172,1.722,16,8,1.746,2.235,2.014,29,22,4.493,1.358,151,
13,Pirque,13202,80,80,23.505,3.587,3.614,1.504,1.992,151,1.025,849,12.722,85,44,12.851,80,80,8.298,6.418,14.716,125,35,14.876,40,40,22.775,3.102,880,391,1.589,242,3.600,2.247,1.353,6.702,76,17,6.795,10.055,2.994,35,18,3.692,2.531,140,
9,Pitrufquén,9114,69,69,23.226,1.573,4.487,1.241,974,82,572,1.077,10.006,77,46,10.129,69,69,4.489,7.534,12.023,87,27,12.137,24,24,22.667,1.730,664,105,746,215,1.280,810,470,3.010,31,8,3.049,5.566,2.947,44,10,6.007,5.133,298,
6,Placilla,6308,25,25,8.296,643,977,722,580,47,282,636,3.887,42,33,3.962,25,25,2.666,2.104,4.770,29,10,4.809,13,13,8.173,621,213,50,296,62,535,337,198,1.156,18,2,1.176,3.222,703,15,5,2.438,1.762,101,
16,Portezuelo,16205,23,23,5.797,308,1.068,574,371,23,116,207,2.667,29,22,2.718,23,23,1.204,2.032,3.236,20,7,3.263,10,10,5.768,578,383,18,138,39,244,173,71,822,8,2,832,1.420,606,7,5,2.210,1.491,91,
12,Porvenir,12301,20,20,6.108,761,581,304,166,18,193,245,2.268,39,19,2.326,20,20,1.585,820,2.405,16,4,2.425,6,6,5.912,225,62,30,96,37,383,280,103,608,8,0,616,1.539,321,6,0,1.698,1.641,52,
1,Pozo Almonte,1401,47,47,11.891,544,1.260,664,229,58,276,2.049,5.080,46,29,5.155,47,47,2.121,2.460,4.581,54,15,4.650,13,13,11.445,498,207,31,179,81,578,299,279,1.076,18,7,1.101,3.730,1.076,29,11,1.734,1.399,119,
12,Primavera,12302,4,4,1.229,63,66,43,31,4,46,51,304,7,2,313,4,4,215,100,315,5,1,321,2,2,1.239,31,9,4,16,2,41,34,7,72,1,1,74,218,35,0,0,276,336,13,
13,Providencia,13123,508,508,170.892,28.918,30.146,10.293,22.138,830,2.059,1.301,95.685,414,196,96.295,508,508,49.489,53.017,102.506,1.434,705,104.645,254,254,169.615,29.871,9.627,5.591,12.728,1.925,34.203,26.216,7.987,64.074,411,75,64.560,60.130,33.672,207,100,53.476,39.504,1.183,
5,Puchuncaví,5105,65,65,16.733,2.319,1.920,907,1.357,126,793,1.357,8.779,64,27,8.870,65,65,6.088,4.007,10.095,79,37,10.211,26,26,16.107,1.600,427,161,868,144,2.046,1.138,908,3.646,40,9,3.695,7.244,1.372,19,24,2.899,2.727,150,
9,Pucón,9115,86,86,29.594,2.900,4.592,1.089,1.595,136,593,1.352,12.257,93,57,12.407,86,86,6.761,8.101,14.862,120,42,15.024,29,29,28.742,2.548,651,246,1.430,221,2.577,1.579,998,5.125,57,12,5.194,8.176,3.140,36,23,4.938,2.121,139,
13,Pudahuel,13124,510,510,169.810,26.748,15.261,8.275,8.815,2.028,10.563,8.610,80.300,647,259,81.206,510,510,67.932,31.216,99.148,648,214,100.010,170,170,166.191,12.910,4.025,914,6.488,1.483,27.431,14.554,12.877,40.341,643,78,41.062,87.139,12.162,302,122,22.581,39.979,1.539,
13,Puente Alto,13201,1.276,1.276,403.129,68.855,33.878,18.237,23.319,4.072,22.293,19.335,189.989,1.745,546,192.280,1.276,1.276,162.789,68.773,231.562,1.539,420,233.521,425,425,395.114,29.142,7.269,2.116,16.366,3.391,64.051,35.245,28.806,93.193,1.521,177,94.891,204.801,26.598,641,238,33.609,57.600,2.362,
10,Puerto Montt,10101,573,573,189.727,18.860,28.790,9.339,9.453,1.209,5.555,14.459,87.665,644,498,88.807,573,573,50.219,51.349,101.568,828,287,102.683,193,193,183.537,14.392,3.962,1.171,7.626,1.633,18.125,11.999,6.126,32.517,486,83,33.086,65.567,22.314,276,159,28.882,32.465,1.375,
10,Puerto Octay,10302,30,30,9.074,651,1.245,956,318,42,201,645,4.058,29,27,4.114,30,30,2.592,2.095,4.687,36,11,4.734,10,10,8.846,547,251,39,217,40,449,255,194,996,15,5,1.016,2.623,945,11,12,2.603,2.444,110,
10,Puerto Varas,10109,128,128,43.875,4.459,9.205,2.276,3.841,191,897,2.150,23.019,132,122,23.273,128,128,11.164,15.117,26.281,288,110,26.679,45,45,42.438,5.375,1.350,797,2.905,323,3.981,2.904,1.077,9.356,84,17,9.457,14.005,7.734,64,51,6.642,5.405,232,
6,Pumanque,6309,13,13,4.262,356,534,383,346,27,133,125,1.904,8,17,1.929,13,13,1.221,1.220,2.441,14,5,2.460,7,7,4.233,399,106,22,252,19,240,142,98,639,5,1,645,1.222,342,6,4,1.306,880,35,
4,Punitaqui,4304,32,32,10.782,819,682,709,296,31,262,1.244,4.043,44,45,4.132,32,32,3.043,1.518,4.561,40,23,4.624,11,11,10.607,314,127,21,140,26,703,440,263,1.017,15,5,1.037,3.627,505,27,24,2.390,2.971,212,
12,Punta Arenas,12101,400,400,121.724,17.375,15.589,4.993,4.782,537,5.482,7.174,55.932,475,192,56.599,400,400,38.851,24.464,63.315,598,150,64.063,126,126,118.621,7.951,2.338,765,3.503,1.345,15.534,11.953,3.581,23.485,582,64,24.131,42.928,11.009,131,60,27.156,39.864,1.382,
10,Puqueldón,10206,14,14,4.406,299,287,217,102,14,83,293,1.295,23,12,1.330,14,14,1.159,610,1.769,9,7,1.785,7,7,4.379,80,24,6,38,12,188,101,87,268,1,1,270,1.051,130,6,7,1.203,914,50,
9,Purén,9208,39,39,12.240,615,2.644,924,398,49,230,405,5.265,44,32,5.341,39,39,2.105,4.300,6.405,25,21,6.451,13,13,12.036,904,318,47,449,90,556,356,200,1.460,22,3,1.485,2.657,1.583,30,19,4.644,2.768,193,
10,Purranque,10303,71,71,19.788,1.317,3.456,1.691,882,79,426,1.082,8.933,104,89,9.126,71,71,4.509,5.830,10.339,68,44,10.451,21,21,19.365,1.481,512,96,741,132,1.080,657,423,2.561,33,15,2.609,5.168,2.655,36,32,6.204,5.412,249,
5,Putaendo,5705,42,42,14.163,1.807,1.382,1.031,628,119,536,944,6.447,64,36,6.547,42,42,5.049,2.676,7.725,51,20,7.796,14,14,13.909,761,174,52,467,68,1.359,768,591,2.120,20,1,2.141,6.222,968,32,24,2.900,4.102,229,
15,Putre,15201,19,19,5.748,179,658,268,91,20,88,648,1.952,23,26,2.001,19,19,493,948,1.441,23,5,1.469,6,6,5.549,80,41,6,16,17,44,21,23,124,7,1,132,719,346,7,3,1.425,231,58,
10,Puyehue,10304,35,35,11.691,753,1.790,1.151,413,42,267,598,5.014,46,38,5.098,35,35,2.899,3.417,6.316,47,22,6.385,12,12,11.237,701,266,44,330,61,542,308,234,1.243,22,5,1.270,3.208,1.432,33,20,3.039,2.622,129,
10,Queilén,10207,19,19,6.234,493,520,663,212,29,117,315,2.349,20,34,2.403,19,19,1.573,1.104,2.677,16,7,2.700,10,10,6.167,182,52,8,101,21,307,167,140,489,5,4,498,1.320,168,2,4,1.589,785,90,
10,Quellón,10208,70,70,23.017,1.748,2.123,1.660,694,111,441,1.747,8.524,112,146,8.782,70,70,5.543,4.458,10.001,104,46,10.151,24,24,22.548,800,230,68,386,116,1.417,775,642,2.217,38,15,2.270,6.745,1.804,57,51,4.583,2.222,170,
10,Quemchi,10209,34,34,8.963,587,789,596,291,30,145,345,2.783,27,55,2.865,34,34,1.974,1.697,3.671,20,13,3.704,11,11,8.978,290,122,20,102,46,332,170,162,622,3,5,630,1.922,377,9,16,3.025,1.707,93,
8,Quilaco,8308,15,15,4.359,235,668,409,194,11,79,233,1.829,13,26,1.868,15,15,1.005,1.337,2.342,15,12,2.369,8,8,4.250,301,113,14,141,33,179,115,64,480,2,0,482,1.122,408,18,6,1.507,778,58,
13,Quilicura,13125,418,418,141.793,22.630,12.966,6.869,8.028,1.468,8.281,8.671,68.913,657,186,69.756,418,418,57.492,27.092,84.584,532,168,85.284,139,139,138.285,11.287,3.268,786,6.041,1.192,23.708,13.159,10.549,34.995,555,66,35.616,73.637,10.120,216,75,7.002,10.050,441,
8,Quilleco,8309,34,34,9.620,410,1.479,572,399,43,244,675,3.822,59,50,3.931,34,34,1.546,3.126,4.672,28,15,4.715,10,10,9.311,474,175,16,189,94,381,278,103,855,22,5,882,2.203,998,23,16,3.897,1.836,155,
16,Quillón,16107,49,49,15.977,839,2.479,996,827,71,420,970,6.602,68,37,6.707,49,49,3.084,5.248,8.332,73,20,8.425,17,17,15.468,1.356,559,74,534,189,842,597,245,2.198,39,8,2.245,4.072,1.793,32,16,4.733,3.506,283,
5,Quillota,5501,223,223,75.874,9.253,9.930,3.514,4.514,565,3.009,5.680,36.465,298,116,36.879,223,223,23.622,18.538,42.160,335,100,42.595,75,75,74.299,6.487,1.558,498,3.687,744,8.293,5.261,3.032,14.780,174,23,14.977,30.871,7.933,149,51,16.601,20.402,911,
5,Quilpué,5801,398,398,135.645,20.664,19.868,6.164,8.711,1.076,5.615,8.243,70.341,515,188,71.044,398,398,46.570,33.856,80.426,685,197,81.308,133,133,132.825,12.124,3.213,1.018,6.255,1.638,18.955,12.124,6.831,31.079,461,43,31.583,57.470,16.247,270,72,23.233,33.231,1.605,
10,Quinchao,10210,32,32,9.251,712,515,626,191,25,127,276,2.472,29,33,2.534,32,32,2.405,1.128,3.533,28,20,3.581,12,12,9.111,208,88,24,76,20,444,249,195,652,15,5,672,2.536,416,19,18,2.228,2.073,217,
6,Quinta de Tilcoco,6114,37,37,12.463,1.464,1.441,782,784,72,420,810,5.773,60,59,5.892,37,37,4.183,3.093,7.276,58,25,7.359,19,19,12.263,996,276,48,578,94,1.104,662,442,2.100,27,5,2.132,5.504,929,17,10,2.983,2.982,156,
13,Quinta Normal,13126,304,304,101.182,15.938,9.933,4.830,5.451,1.068,5.075,3.301,45.596,362,128,46.086,304,304,36.627,19.317,55.944,369,119,56.432,102,102,99.794,7.784,2.749,597,3.536,902,15.957,8.077,7.880,23.741,355,35,24.131,46.729,8.235,180,75,27.677,46.516,1.666,
5,Quintero,5107,74,74,25.195,3.085,2.997,1.165,1.237,186,1.281,2.289,12.240,89,56,12.385,74,74,8.633,5.427,14.060,108,50,14.218,25,25,24.377,1.748,517,138,877,216,2.578,1.577,1.001,4.326,52,12,4.390,10.452,2.400,70,21,4.592,4.541,275,Incluye parte de Concón
16,Quirihue,16201,37,37,10.977,758,1.357,1.337,703,43,243,595,5.036,78,85,5.199,37,37,2.665,3.051,5.716,59,17,5.792,19,19,10.846,615,269,47,240,59,577,379,198,1.192,7,4,1.203,3.159,781,32,14,3.416,3.185,165,
6,Rancagua,6101,574,574,195.074,25.657,22.656,9.010,11.856,1.142,7.907,16.111,94.339,780,287,95.406,574,574,65.758,44.445,110.203,936,246,111.385,192,192,190.742,16.775,4.281,1.281,9.693,1.520,23.739,15.497,8.242,40.514,618,66,41.198,87.494,19.154,325,111,37.425,62.014,2.253,
16,Ránquil,16206,20,20,5.833,356,991,508,321,19,144,362,2.701,21,22,2.744,20,20,1.372,1.871,3.243,26,6,3.275,9,9,5.723,521,205,26,232,58,328,222,106,849,17,2,868,1.505,672,15,7,1.791,1.483,73,
7,Rauco,7305,29,29,10.014,602,1.474,722,567,37,383,528,4.313,47,29,4.389,29,29,2.513,2.927,5.440,42,8,5.490,10,10,9.794,719,236,71,322,90,559,371,188,1.278,21,3,1.302,3.230,956,23,8,2.242,2.729,125,
13,Recoleta,13127,466,466,140.460,21.857,13.211,6.495,7.211,1.547,6.375,4.627,61.323,495,234,62.052,466,466,49.552,25.696,75.248,683,206,76.137,152,152,139.247,10.582,3.913,747,4.876,1.046,27.350,12.222,15.128,37.932,562,61,38.555,64.286,11.667,318,117,36.805,59.280,2.061,
9,Renaico,9209,36,36,9.806,445,1.755,576,385,35,259,792,4.247,68,32,4.347,36,36,1.910,3.146,5.056,41,16,5.113,11,11,9.661,728,261,44,336,87,492,360,132,1.220,20,5,1.245,2.640,1.080,17,8,2.818,2.235,114,
13,Renca,13128,346,346,115.788,16.061,8.927,5.984,4.860,1.280,7.297,6.237,50.646,570,186,51.402,346,346,44.281,18.295,62.576,398,140,63.114,116,116,113.407,7.413,2.364,563,3.714,772,15.834,7.374,8.460,23.247,424,56,23.727,57.657,7.237,242,88,23.936,42.470,1.483,
6,Rengo,6115,149,149,49.052,5.573,5.562,3.322,2.540,298,2.182,3.461,22.938,247,159,23.344,149,149,16.478,10.859,27.337,171,87,27.595,49,49,47.976,3.669,931,291,2.124,323,4.773,2.987,1.786,8.442,120,15,8.577,20.433,4.264,101,51,9.683,12.713,461,
6,Requínoa,6116,69,69,23.324,2.120,3.401,1.398,1.380,107,909,2.143,11.458,96,223,11.777,69,69,7.165,6.228,13.393,103,23,13.519,23,23,22.811,2.498,645,187,1.481,185,1.957,1.370,587,4.455,82,4,4.541,9.428,2.590,40,20,4.450,5.089,233,
7,Retiro,7405,52,52,17.799,908,2.962,933,1.226,55,400,737,7.221,71,89,7.381,52,52,3.072,6.213,9.285,31,29,9.345,18,18,17.390,1.178,436,70,433,239,638,400,238,1.816,18,3,1.837,3.583,1.566,33,24,7.309,2.257,175,
5,Rinconada,5303,28,28,9.605,1.097,1.389,710,644,63,375,863,5.141,24,27,5.192,28,28,3.487,2.446,5.933,34,10,5.977,14,14,9.400,915,241,101,504,69,926,596,330,1.841,22,2,1.865,4.365,1.036,18,15,1.521,2.279,63,
14,Río Bueno,14204,103,103,30.798,2.106,5.283,2.025,1.380,150,583,1.673,13.200,134,263,13.597,103,103,6.366,9.462,15.828,117,38,15.983,34,34,30.169,2.452,834,163,1.174,281,1.538,951,587,3.990,54,9,4.053,7.935,3.613,56,44,10.001,7.241,404,
7,Río Claro,7108,36,36,12.186,856,1.688,827,820,60,433,726,5.410,91,78,5.579,36,36,2.992,3.551,6.543,51,27,6.621,18,18,11.962,969,213,64,370,322,666,438,228,1.635,19,3,1.657,3.733,1.017,23,24,3.258,2.309,143,Incluye parte de San Rafael
4,Río Hurtado,4305,18,18,4.933,327,365,396,195,20,124,326,1.753,23,13,1.789,18,18,1.133,882,2.015,19,17,2.051,9,9,4.900,213,78,14,92,29,192,113,79,405,9,6,420,1.353,266,9,10,2.026,719,110,
11,Río Ibáñez,11402,12,12,2.971,287,464,227,161,11,69,112,1.331,25,29,1.385,12,12,714,837,1.551,15,2,1.568,5,5,2.799,215,106,10,73,26,158,103,55,373,2,2,377,637,287,2,6,1.253,561,48,
10,Río Negro,10305,46,46,13.459,891,2.158,1.314,703,50,290,827,6.233,66,44,6.343,46,46,3.372,3.803,7.175,50,24,7.249,15,15,12.972,987,290,57,552,88,688,423,265,1.675,13,11,1.699,3.616,1.635,22,15,4.489,3.644,176,
12,Río Verde,12103,3,3,750,52,101,17,26,0,29,31,256,2,0,258,3,3,140,150,290,2,1,293,1,1,834,47,19,9,16,3,13,8,5,60,2,0,62,124,58,0,1,81,33,2,
7,Romeral,7306,41,41,14.037,1.049,2.145,1.045,896,62,462,731,6.390,52,49,6.491,41,41,3.564,4.277,7.841,56,31,7.928,14,14,13.722,1.251,346,117,624,164,883,615,268,2.134,33,7,2.174,4.558,1.748,30,8,3.298,2.583,120,
9,Saavedra,9116,40,40,13.239,760,1.581,1.183,453,106,406,535,5.024,103,73,5.200,40,40,3.144,3.074,6.218,71,35,6.324,21,21,13.024,545,172,34,266,73,487,257,230,1.032,14,5,1.051,2.960,1.000,34,27,3.264,3.259,272,
7,Sagrada Familia,7307,50,50,16.115,1.303,1.966,1.466,974,72,557,992,7.330,67,63,7.460,50,50,5.083,4.070,9.153,68,21,9.242,24,24,15.868,1.088,350,90,539,109,949,681,268,2.037,29,13,2.079,6.256,1.335,52,16,3.149,5.237,170,
4,Salamanca,4204,71,71,23.633,2.134,2.017,1.610,832,141,577,2.512,9.823,85,73,9.981,71,71,7.357,4.080,11.437,83,36,11.556,24,24,23.273,1.101,322,89,553,137,1.746,986,760,2.847,43,6,2.896,8.984,1.470,53,16,4.638,6.945,389,
5,San Antonio,5601,232,232,78.647,11.916,6.985,5.075,3.455,1.032,4.312,5.905,38.680,324,138,39.142,232,232,32.363,13.640,46.003,323,97,46.423,77,77,76.954,4.231,1.318,285,2.114,514,10.698,5.441,5.257,14.929,241,16,15.186,38.969,4.939,98,34,14.768,26.789,1.075,
13,San Bernardo,13401,679,679,228.550,29.945,23.430,10.008,10.205,1.693,11.294,11.002,97.577,804,340,98.721,679,679,77.033,42.367,119.400,774,225,120.399,227,227,223.820,15.840,4.928,1.187,7.832,1.893,28.405,16.082,12.323,44.245,713,76,45.034,101.585,17.606,461,170,39.796,58.436,2.112,
16,San Carlos,16301,142,142,47.823,3.118,7.864,2.526,2.391,161,941,2.335,19.336,166,148,19.650,142,142,9.387,14.747,24.134,173,64,24.371,48,48,47.117,3.669,1.190,249,1.852,378,2.627,1.837,790,6.296,99,18,6.413,12.268,5.729,89,34,16.091,12.608,685,
7,San Clemente,7109,110,110,37.611,2.687,4.207,2.607,1.749,134,1.105,2.256,14.745,184,119,15.048,110,110,9.537,9.050,18.587,333,58,18.978,37,37,36.810,2.247,697,148,1.069,333,2.035,1.188,847,4.282,61,12,4.355,11.647,3.102,95,48,9.153,9.743,460,
5,San Esteban,5304,45,45,15.496,1.726,1.816,1.240,1.006,93,594,1.793,8.268,90,43,8.401,45,45,5.322,3.731,9.053,114,26,9.193,24,24,15.166,1.107,308,89,613,97,1.504,1.063,441,2.611,37,7,2.655,7.115,1.462,46,16,2.959,4.145,204,
16,San Fabián,16304,17,17,5.149,394,805,392,308,14,97,281,2.291,24,23,2.338,17,17,1.189,1.624,2.813,18,9,2.840,9,9,5.053,458,164,15,254,25,289,195,94,747,6,1,754,1.367,512,12,7,1.644,675,43,
5,San Felipe,5701,178,178,60.113,7.691,7.542,3.280,3.253,425,2.200,5.113,29.504,239,132,29.875,178,178,20.196,13.519,33.715,458,98,34.271,60,60,59.276,5.019,1.374,398,2.750,497,6.877,4.323,2.554,11.896,141,21,12.058,27.101,6.123,121,44,12.647,15.429,644,
6,San Fernando,6301,187,187,63.060,7.173,8.385,3.836,4.240,372,2.136,4.055,30.197,259,150,30.606,187,187,20.064,15.795,35.859,262,72,36.193,63,63,62.247,5.831,1.820,432,3.103,476,6.228,3.871,2.357,12.059,175,23,12.257,26.045,7.135,87,41,13.337,17.067,632,
12,San Gregorio,12104,2,2,715,52,95,5,32,0,27,33,244,2,3,249,2,2,136,127,263,1,1,265,1,1,884,32,4,3,19,6,33,23,10,65,0,1,66,130,74,0,1,215,97,2,
16,San Ignacio,16108,52,52,14.746,730,2.504,906,892,59,389,619,6.099,67,56,6.222,52,52,2.472,5.328,7.800,50,20,7.870,16,16,14.420,1.086,489,51,426,120,603,401,202,1.689,20,14,1.723,3.255,1.648,32,15,5.587,2.731,200,
7,San Javier,7406,117,117,39.506,2.718,5.319,2.501,2.086,135,979,2.139,15.877,121,119,16.117,117,117,9.327,11.102,20.429,140,40,20.609,41,41,38.735,3.279,975,215,1.624,465,2.491,1.702,789,5.770,105,16,5.891,11.301,4.022,66,38,12.717,10.036,572,
13,San Joaquín,13129,263,263,80.763,14.987,6.971,4.406,4.379,940,4.249,3.048,38.980,321,143,39.444,263,263,33.849,13.773,47.622,323,95,48.040,87,87,80.151,5.966,1.855,426,3.025,660,14.564,7.005,7.559,20.530,270,36,20.836,41.800,6.210,149,62,23.260,46.748,1.646,
13,San José de Maipo,13203,48,48,16.006,2.878,1.617,1.022,940,163,771,569,7.960,98,34,8.092,48,48,6.446,3.129,9.575,82,32,9.689,24,24,15.585,1.316,418,122,625,151,2.435,1.295,1.140,3.751,48,11,3.810,7.507,1.373,27,22,2.987,3.309,147,
10,San Juan de la Costa,10306,32,32,8.249,746,838,1.228,328,66,231,518,3.955,51,31,4.037,32,32,2.419,1.866,4.285,34,23,4.342,10,10,7.911,346,136,28,122,60,371,195,176,717,8,3,728,2.530,613,15,19,2.188,1.831,122,
13,San Miguel,13130,313,313,105.216,19.836,12.313,5.296,8.226,1.019,3.616,2.404,52.710,289,100,53.099,312,313,38.154,23.410,61.564,420,149,62.133,105,105,103.775,9.487,2.974,892,4.703,918,20.361,12.441,7.920,29.848,327,37,30.212,46.402,10.624,157,39,23.010,35.322,1.091,
16,San Nicolás,16305,36,36,11.810,785,1.849,906,640,47,403,691,5.321,59,52,5.432,36,36,2.597,3.874,6.471,54,23,6.548,19,19,11.505,948,359,65,431,93,653,424,229,1.601,19,4,1.624,3.334,1.352,34,21,2.669,1.929,102,
10,San Pablo,10307,31,31,10.152,757,1.566,1.168,454,55,254,544,4.798,52,33,4.883,31,31,2.710,2.837,5.547,31,17,5.595,11,11,9.806,732,239,35,385,73,440,250,190,1.172,16,2,1.190,2.941,1.111,26,13,2.907,2.696,140,
13,San Pedro,13505,25,25,8.577,671,1.332,541,483,34,195,312,3.568,36,28,3.632,25,25,1.989,2.622,4.611,30,11,4.652,13,13,8.315,604,268,51,230,55,496,313,183,1.100,11,5,1.116,2.374,629,16,10,2.333,1.864,159,
2,San Pedro de Atacama,2203,22,22,7.279,849,453,370,187,66,215,1.103,3.243,42,25,3.310,22,22,2.217,1.072,3.289,44,12,3.345,11,11,7.158,268,130,25,92,21,634,241,393,902,13,1,916,2.911,398,16,12,874,603,50,
8,San Pedro de la Paz,8108,270,270,91.391,9.865,14.414,4.764,6.603,489,2.926,7.277,46.338,277,139,46.754,270,270,27.126,27.422,54.548,528,177,55.253,90,90,88.291,10.060,2.517,1.121,5.532,890,11.111,8.177,2.934,21.171,264,32,21.467,36.103,13.305,159,65,,,,
7,San Rafael,7110,26,26,8.670,590,1.183,627,548,38,369,738,4.093,43,32,4.168,26,26,2.329,2.532,4.861,34,16,4.911,13,13,8.430,657,205,37,317,98,532,332,200,1.189,11,6,1.206,2.935,796,14,11,,,,
13,San Ramón,13131,251,251,80.041,10.640,6.372,4.060,3.470,805,4.745,3.597,33.689,308,165,34.162,251,251,30.052,13.143,43.195,282,122,43.599,84,84,75.508,5.139,1.710,307,2.498,624,9.711,4.766,4.945,14.850,240,36,15.126,38.971,5.951,227,98,19.460,38.387,1.472,
8,San Rosendo,8310,15,15,4.362,313,510,282,134,13,204,431,1.887,28,18,1.933,15,15,1.205,1.069,2.274,15,3,2.292,7,7,4.282,245,70,17,110,48,281,176,105,526,6,1,533,1.591,351,12,4,865,1.465,46,
6,San Vicente,6117,133,133,40.881,4.515,4.736,3.166,2.779,218,1.237,2.040,18.691,293,102,19.086,133,133,13.359,9.620,22.979,132,59,23.170,44,44,40.188,3.408,923,228,2.009,248,3.941,2.602,1.339,7.349,102,18,7.469,16.379,3.426,54,38,9.143,10.787,412,
8,Santa Bárbara,8311,39,39,13.350,645,2.082,670,583,47,225,865,5.117,46,38,5.201,39,39,2.266,4.135,6.401,37,15,6.453,13,13,13.079,884,306,47,394,137,504,358,146,1.388,20,2,1.410,3.257,1.350,30,21,7.128,1.927,290,Incluye Alto Biobío
6,Santa Cruz,6310,92,92,31.615,3.011,3.809,2.053,2.537,130,664,1.291,13.495,85,63,13.643,92,92,8.439,8.403,16.842,85,36,16.963,31,31,30.964,2.712,671,206,1.642,193,2.381,1.647,734,5.093,51,6,5.150,10.240,3.232,55,29,8.801,8.311,369,
8,Santa Juana,8109,39,39,13.026,886,2.155,638,424,71,341,807,5.322,55,39,5.416,39,39,2.558,4.283,6.841,50,23,6.914,20,20,12.688,767,242,96,356,73,736,482,254,1.503,25,4,1.532,3.541,1.532,45,24,4.993,2.119,249,
5,Santa María,5706,36,36,12.169,1.149,1.343,1.017,770,59,449,1.141,5.928,85,42,6.055,35,36,3.741,2.779,6.520,64,17,6.601,12,12,12.010,870,185,65,549,71,940,670,270,1.810,25,3,1.838,5.345,1.085,28,8,2.583,3.383,160,
13,Santiago,13101,1.049,1.049,339.067,53.470,34.443,12.576,18.641,3.062,7.131,5.746,135.069,912,400,136.381,1.049,1.049,95.465,61.733,157.198,1.061,507,158.766,344,344,336.966,24.557,8.657,2.705,10.777,2.418,52.308,29.764,22.544,76.865,816,95,77.776,119.139,30.128,413,184,71.501,87.849,2.574,
5,Santo Domingo,5606,35,35,11.869,1.281,3.000,828,1.333,58,395,503,7.398,46,22,7.466,35,35,3.484,4.832,8.316,74,19,8.409,18,18,11.535,2.561,945,258,1.192,166,1.303,932,371,3.864,35,4,3.903,4.003,2.583,22,15,1.976,1.647,128,
2,Sierra Gorda,2103,9,9,2.882,102,131,79,27,5,61,234,639,4,0,643,9,9,430,277,707,5,3,715,4,4,2.941,51,11,11,18,11,79,36,43,130,11,0,141,749,104,3,0,276,269,10,
13,Talagante,13601,173,173,58.940,8.298,8.109,3.668,3.722,460,2.996,3.808,31.061,278,147,31.486,173,173,21.906,14.792,36.698,273,104,37.075,58,58,57.514,6.062,1.850,568,3.076,568,8.789,5.179,3.610,14.851,227,36,15.114,27.786,6.577,114,53,11.550,11.053,543,
7,Talca,7101,532,532,181.299,22.153,25.368,11.031,12.867,929,5.817,13.421,91.586,689,276,92.551,532,532,58.413,48.626,107.039,761,236,108.036,177,177,176.566,17.267,4.523,1.404,8.988,2.352,18.941,11.720,7.221,36.208,462,61,36.731,74.989,21.587,240,108,32.857,57.272,1.520,Incluye parte de San Rafael
8,Talcahuano,8110,465,465,131.721,13.213,18.975,6.191,6.102,866,4.567,13.156,63.070,507,189,63.766,465,465,37.805,34.976,72.781,696,193,73.670,136,136,128.553,10.778,3.288,767,5.206,1.517,13.998,9.421,4.577,24.776,414,50,25.240,51.933,15.589,245,98,45.910,80.269,2.900,Incluye Hualpén
2,Taltal,2104,31,31,10.493,851,720,602,188,56,273,906,3.596,33,22,3.651,31,31,3.078,1.382,4.460,25,15,4.500,11,11,10.250,396,169,33,157,37,747,303,444,1.143,12,3,1.158,4.072,565,19,9,2.280,2.822,199,
9,Temuco,9101,904,904,238.028,23.413,47.023,12.020,14.178,1.216,6.777,15.090,119.717,934,369,121.020,904,904,58.784,76.698,135.482,1.154,339,136.975,238,238,232.107,26.142,7.050,2.077,14.220,2.795,22.481,15.576,6.905,48.623,605,92,49.320,78.332,38.159,360,169,56.479,68.972,2.656,Incluye Padre Las Casas
7,Teno,7308,73,73,25.073,1.684,3.127,1.228,1.377,105,779,1.436,9.736,103,80,9.919,73,73,5.779,6.465,12.244,90,40,12.374,25,25,24.628,1.625,490,135,825,175,1.459,993,466,3.084,53,5,3.142,8.028,2.258,49,30,6.882,5.611,269,
9,Teodoro Schmidt,9117,52,52,14.052,749,2.667,911,995,46,302,656,6.326,107,96,6.529,52,52,2.532,5.117,7.649,59,29,7.737,15,15,13.876,1.280,577,61,542,100,513,332,181,1.793,27,14,1.834,3.026,1.742,28,23,4.143,2.468,213,
3,Tierra Amarilla,3103,43,43,12.649,849,737,1.163,318,45,279,1.616,5.007,43,23,5.073,43,43,3.655,1.844,5.499,50,20,5.569,14,14,11.743,428,117,26,242,43,745,388,357,1.173,29,7,1.209,5.084,660,26,15,2.415,2.720,165,
13,Tiltil,13303,54,54,14.962,1.980,1.741,767,906,106,643,968,7.111,69,27,7.207,54,54,5.062,3.631,8.693,71,18,8.782,15,15,14.541,1.325,439,106,614,166,1.968,1.061,907,3.293,55,6,3.354,6.788,1.213,37,13,2.747,3.718,200,
12,Timaukel,12303,3,3,734,24,71,8,19,1,23,22,168,2,1,171,3,3,48,71,119,0,1,120,1,1,742,22,9,0,12,1,10,8,2,32,0,0,32,63,30,1,0,122,79,0,
8,Tirúa,8207,27,27,9.123,581,1.936,483,234,57,140,322,3.753,47,44,3.844,27,27,1.797,3.080,4.877,32,9,4.918,9,9,8.974,435,227,41,116,51,350,213,137,785,13,9,807,2.100,938,37,19,2.699,1.196,128,
2,Tocopilla,2301,69,69,22.196,1.507,1.188,923,477,105,651,3.445,8.296,77,34,8.407,69,69,6.152,2.662,8.814,90,13,8.917,23,23,21.877,727,316,57,298,56,1.371,614,757,2.098,40,7,2.145,9.211,1.023,37,17,5.750,8.770,528,
9,Toltén,9118,33,33,10.554,565,1.858,631,645,44,254,452,4.449,66,59,4.574,33,33,1.931,3.412,5.343,40,22,5.405,12,12,10.486,798,269,36,430,63,377,253,124,1.175,23,4,1.202,2.126,1.213,30,29,4.205,2.076,213,
8,Tomé,8111,158,158,50.014,4.959,6.873,3.324,2.073,259,1.424,3.805,22.717,200,128,23.045,158,158,14.475,13.319,27.794,228,74,28.096,52,52,49.148,3.179,1.063,220,1.483,413,4.421,2.775,1.646,7.600,121,24,7.745,17.846,5.527,92,55,9.225,18.933,601,
12,Torres del Paine,12402,6,6,1.634,123,161,123,42,4,67,74,594,8,8,610,6,6,391,309,700,3,1,704,2,2,1.622,30,10,2,16,2,42,29,13,72,2,0,74,472,114,4,2,82,29,3,
11,Tortel,11303,2,2,570,67,39,35,20,8,15,14,198,10,7,215,2,2,153,83,236,4,1,241,1,1,564,22,10,5,2,5,28,12,16,50,0,1,51,184,23,0,0,150,13,6,
9,Traiguén,9210,65,65,18.595,1.273,3.830,991,753,105,430,519,7.901,113,66,8.080,65,65,3.535,6.086,9.621,77,22,9.720,20,20,18.397,1.527,426,87,858,156,843,520,323,2.370,37,11,2.418,4.144,2.189,34,35,6.571,5.657,269,
16,Treguaco,16207,20,20,6.241,398,905,557,310,20,117,338,2.645,22,27,2.694,20,20,1.371,2.072,3.443,20,7,3.470,10,10,6.202,374,170,20,159,25,235,165,70,609,7,3,619,1.569,528,9,9,1.852,982,106,
8,Tucapel,8312,47,47,13.197,830,1.820,939,584,53,305,1.148,5.679,60,61,5.800,47,47,2.994,3.580,6.574,40,19,6.633,14,14,12.792,960,290,60,463,147,757,520,237,1.717,31,2,1.750,3.939,1.267,29,22,2.926,3.751,169,
14,Valdivia,14101,412,412,139.836,21.114,19.546,8.563,7.403,1.092,4.257,8.081,70.056,508,278,70.842,412,412,48.376,33.503,81.879,632,258,82.769,139,139,134.130,11.462,2.920,1.230,5.934,1.378,17.797,11.160,6.637,29.259,324,62,29.645,58.607,16.175,256,121,22.827,43.110,1.178,
3,Vallenar,3301,135,135,45.689,2.823,2.805,8.653,1.110,174,526,3.937,20.028,112,66,20.206,135,135,14.461,6.834,21.295,176,49,21.520,45,45,44.392,1.713,549,166,839,159,3.074,1.634,1.440,4.787,83,21,4.891,18.485,2.463,90,37,11.568,14.528,852,
5,Valparaíso,5101,940,940,287.931,45.641,30.453,12.912,12.314,3.297,11.383,13.490,129.490,1.126,438,131.054,940,940,99.453,51.996,151.449,1.260,377,153.086,296,296,281.486,18.252,5.160,1.632,8.863,2.597,39.843,20.261,19.582,58.095,778,109,58.982,122.068,25.405,486,186,64.961,100.411,3.822,
7,Vichuquén,7309,21,21,5.335,398,855,414,757,25,107,186,2.742,16,24,2.782,21,21,1.452,1.796,3.248,27,13,3.288,8,8,5.284,741,177,40,480,44,326,207,119,1.067,9,5,1.081,1.566,649,9,8,1.285,1.124,44,
9,Victoria,9211,111,111,32.607,1.718,8.465,1.477,1.142,121,740,1.029,14.692,127,81,14.900,111,111,4.899,12.266,17.165,117,30,17.312,38,38,31.896,3.037,918,205,1.564,350,1.578,1.115,463,4.615,54,15,4.684,7.060,5.193,76,44,10.059,8.037,462,
4,Vicuña,4106,70,70,23.805,2.255,1.745,1.968,822,124,537,1.672,9.123,119,62,9.304,70,70,7.759,3.894,11.653,86,27,11.766,35,35,23.379,1.115,417,91,472,135,1.871,1.135,736,2.986,44,10,3.040,9.483,1.308,45,21,6.546,4.061,393,
9,Vilcún,9119,75,75,24.718,1.444,4.473,1.605,1.208,100,548,1.301,10.679,116,84,10.879,75,75,4.764,8.190,12.954,117,38,13.109,26,26,24.031,2.112,597,125,1.253,137,1.150,764,386,3.262,38,6,3.306,5.971,3.022,70,56,5.077,4.094,175,
7,Villa Alegre,7407,41,41,14.020,964,2.056,937,845,42,396,636,5.876,56,39,5.971,41,41,3.400,4.220,7.620,42,14,7.676,14,14,13.639,1.252,426,70,561,195,855,573,282,2.107,17,4,2.128,3.774,1.628,22,11,4.817,3.178,146,
5,Villa Alemana,5804,293,293,100.481,14.351,15.343,4.365,5.754,852,3.941,6.545,51.151,366,125,51.642,293,293,33.951,25.937,59.888,550,151,60.589,98,98,97.849,9.336,2.488,725,4.853,1.270,14.235,8.785,5.450,23.571,322,36,23.929,41.109,12.054,162,56,16.284,19.903,1.039,
9,Villarrica,9120,165,165,56.170,5.166,9.997,2.567,2.858,288,1.185,2.727,24.788,183,131,25.102,165,165,12.289,16.662,28.951,206,83,29.240,55,55,53.716,4.964,1.538,423,2.433,570,4.736,2.998,1.738,9.700,118,21,9.839,15.087,6.534,89,40,12.458,8.210,443,
5,Viña del Mar,5109,947,947,302.008,41.768,47.235,13.568,20.935,2.319,9.966,13.865,149.656,967,398,151.021,947,947,93.557,77.173,170.730,1.499,490,172.719,314,314,295.915,33.390,9.943,4.065,15.910,3.472,38.076,24.228,13.848,71.466,841,120,72.427,116.886,43.263,492,190,73.970,94.720,3.434,Incluye parte de Concón
13,Vitacura,13132,265,265,88.802,4.455,31.215,3.596,20.890,110,449,254,60.969,208,109,61.286,265,265,10.511,52.410,62.921,1.287,565,64.773,133,133,88.186,38.361,12.283,7.935,17.235,908,7.906,7.085,821,46.267,217,37,46.521,19.746,40.323,162,94,30.633,16.543,564,
7,Yerbas Buenas,7408,47,47,15.095,934,2.247,1.070,726,68,485,742,6.272,92,77,6.441,47,47,3.501,4.387,7.888,57,19,7.964,16,16,14.422,932,345,56,415,116,656,458,198,1.588,27,6,1.621,3.881,1.675,35,15,4.110,2.428,134,
8,Yumbel,8313,68,68,20.248,1.381,3.275,1.242,794,86,472,1.361,8.611,89,71,8.771,68,68,4.234,6.134,10.368,64,42,10.474,24,24,19.831,1.427,483,103,642,199,1.214,832,382,2.641,33,9,2.683,5.246,2.149,56,25,6.239,6.145,419,
16,Yungay,16109,49,49,16.460,1.181,1.930,1.148,681,70,388,1.351,6.749,60,54,6.863,49,49,4.048,4.129,8.177,50,31,8.258,17,17,16.148,966,326,70,447,123,965,618,347,1.931,35,6,1.972,5.262,1.584,29,16,5.110,3.569,238,
5,Zapallar,5405,28,28,9.155,1.069,1.831,467,1.311,38,269,430,5.415,31,15,5.461,28,28,2.745,3.518,6.263,82,37,6.382,14,14,8.849,2.035,596,286,1.088,65,990,673,317,3.025,18,6,3.049,3.250,1.643,13,3,1.582,944,52,
EXT,Extranjero,S/C,248,248,71.018,18.173,7.172,2.156,3.791,688,829,997,33.806,164,66,34.036,248,248,24.652,10.056,34.708,285,156,35.149,166,169,65.936,4.024,1.282,902,1.586,254,12.361,5.630,6.731,16.385,204,30,16.619,25.331,5.548,52,31,,,,